INSERT INTO empresa_contratante (id, nombre, fecha_inicio) VALUES (1, 'Almacenes Cauca SAS', '2024-05-21');
INSERT INTO empresa_contratante (id, nombre, fecha_inicio) VALUES (2, 'Comercializadora Cemento LTDA', '2025-08-19');
INSERT INTO empresa_contratante (id, nombre, fecha_inicio) VALUES (3, 'NetSystems Bogotá S.A.S.', '2025-02-27');
INSERT INTO empresa_contratante (id, nombre, fecha_inicio) VALUES (4, 'Bit Ltda.', '2024-03-14');
INSERT INTO empresa_contratante (id, nombre, fecha_inicio) VALUES (5, 'Outsourcing Ltda.', '2024-09-11');
INSERT INTO empresa_contratante (id, nombre, fecha_inicio) VALUES (6, 'Mercados S.A.', '2024-04-15');
INSERT INTO empresa_contratante (id, nombre, fecha_inicio) VALUES (7, 'Urbanismo Andes S.A.S.', '2025-02-01');
INSERT INTO empresa_contratante (id, nombre, fecha_inicio) VALUES (8, 'Cemento Valluna S.A.', '2025-03-03');
INSERT INTO empresa_contratante (id, nombre, fecha_inicio) VALUES (9, 'Gestión Llanera LTDA', '2025-01-01');
INSERT INTO empresa_contratante (id, nombre, fecha_inicio) VALUES (10, 'Tiendas SAS', '2024-05-05');
INSERT INTO empresa_contratante (id, nombre, fecha_inicio) VALUES (11, 'Obras Civiles Nariño Ltda.', '2025-12-12');
INSERT INTO empresa_contratante (id, nombre, fecha_inicio) VALUES (12, 'DataCorp Tolima LTDA', '2024-08-16');
INSERT INTO empresa_contratante (id, nombre, fecha_inicio) VALUES (13, 'Servicios Profesionales SAS', '2024-03-02');
INSERT INTO empresa_contratante (id, nombre, fecha_inicio) VALUES (14, 'Asesorías Valluna S.A.', '2024-06-13');
INSERT INTO empresa_contratante (id, nombre, fecha_inicio) VALUES (15, 'DataCorp S.A.S.', '2024-03-07');
INSERT INTO empresa_contratante (id, nombre, fecha_inicio) VALUES (16, 'Corporación Outlet S.A.S.', '2024-08-13');
INSERT INTO empresa_contratante (id, nombre, fecha_inicio) VALUES (17, 'Retail Cemento S.A.', '2024-10-16');
INSERT INTO empresa_contratante (id, nombre, fecha_inicio) VALUES (18, 'SoftWare Cundinamarca S.A.S.', '2024-09-09');
INSERT INTO empresa_contratante (id, nombre, fecha_inicio) VALUES (19, 'Mayorista Andinas S.A.', '2025-11-05');
INSERT INTO empresa_contratante (id, nombre, fecha_inicio) VALUES (20, 'Mayorista LTDA', '2024-07-06');
INSERT INTO empresa_contratante (id, nombre, fecha_inicio) VALUES (21, 'Consultorías del Norte S.A.', '2026-03-11');
INSERT INTO empresa_contratante (id, nombre, fecha_inicio) VALUES (22, 'Outlet Bogotá S.A.', '2024-05-10');
INSERT INTO empresa_contratante (id, nombre, fecha_inicio) VALUES (23, 'Andina SoftWare S.A.', '2025-06-08');
INSERT INTO empresa_contratante (id, nombre, fecha_inicio) VALUES (24, 'Comercializadora Nexus IT S.A.S.', '2025-12-06');
INSERT INTO empresa_contratante (id, nombre, fecha_inicio) VALUES (25, 'Innovaciones Digital Hub LTDA', '2025-04-14');
INSERT INTO empresa_contratante (id, nombre, fecha_inicio) VALUES (26, 'Logística DataCorp SAS', '2025-02-01');
INSERT INTO empresa_contratante (id, nombre, fecha_inicio) VALUES (27, 'Corporación Nexus IT LTDA', '2026-01-09');
INSERT INTO empresa_contratante (id, nombre, fecha_inicio) VALUES (28, 'Digital Hub Centro S.A.S.', '2024-05-30');
INSERT INTO empresa_contratante (id, nombre, fecha_inicio) VALUES (29, 'Asesorías LTDA', '2025-11-04');
INSERT INTO empresa_contratante (id, nombre, fecha_inicio) VALUES (30, 'Vivienda Boyacense SAS', '2025-03-31');
INSERT INTO empresa_contratante (id, nombre, fecha_inicio) VALUES (31, 'Distribuidora Distribución SAS', '2024-04-08');
INSERT INTO empresa_contratante (id, nombre, fecha_inicio) VALUES (32, 'Concreto SAS', '2025-07-24');
INSERT INTO empresa_contratante (id, nombre, fecha_inicio) VALUES (33, 'Mayorista SAS', '2025-06-29');
INSERT INTO empresa_contratante (id, nombre, fecha_inicio) VALUES (34, 'Mayorista Andinas S.A.S.', '2025-05-18');
INSERT INTO empresa_contratante (id, nombre, fecha_inicio) VALUES (35, 'Inversiones Logic S.A.', '2024-06-20');
INSERT INTO empresa_contratante (id, nombre, fecha_inicio) VALUES (36, 'Servicios Almacenes S.A.', '2025-07-22');
INSERT INTO empresa_contratante (id, nombre, fecha_inicio) VALUES (37, 'Tiendas Valluna S.A.', '2024-05-30');
INSERT INTO empresa_contratante (id, nombre, fecha_inicio) VALUES (38, 'Tecnología Consultorías S.A.S.', '2025-05-17');
INSERT INTO empresa_contratante (id, nombre, fecha_inicio) VALUES (39, 'SoftWare S.A.', '2024-07-16');
INSERT INTO empresa_contratante (id, nombre, fecha_inicio) VALUES (40, 'Constructora Urbanismo S.A.S.', '2024-02-17');
INSERT INTO empresa_contratante (id, nombre, fecha_inicio) VALUES (41, 'BPO Magdalena Ltda.', '2024-05-06');
INSERT INTO empresa_contratante (id, nombre, fecha_inicio) VALUES (42, 'Outlet Ltda.', '2025-01-05');
INSERT INTO empresa_contratante (id, nombre, fecha_inicio) VALUES (43, 'Tecnología Distribución S.A.', '2025-08-12');
INSERT INTO empresa_contratante (id, nombre, fecha_inicio) VALUES (44, 'Bytes Caribe LTDA', '2024-03-17');
INSERT INTO empresa_contratante (id, nombre, fecha_inicio) VALUES (45, 'Outlet Bogotá LTDA', '2025-05-30');
INSERT INTO empresa_contratante (id, nombre, fecha_inicio) VALUES (46, 'Innovaciones Construcciones S.A.', '2025-09-04');
INSERT INTO empresa_contratante (id, nombre, fecha_inicio) VALUES (47, 'Consultorías Capital Ltda.', '2024-12-31');
INSERT INTO empresa_contratante (id, nombre, fecha_inicio) VALUES (48, 'Asesorías Sabana S.A.', '2025-02-22');
INSERT INTO empresa_contratante (id, nombre, fecha_inicio) VALUES (49, 'Colombiana Bit LTDA', '2026-03-04');
INSERT INTO empresa_contratante (id, nombre, fecha_inicio) VALUES (50, 'Innovación Digital Santandereana S.A.', '2025-01-09');
INSERT INTO proyecto (id, nombre, empresa_id) VALUES (1, 'Optimización Última Milla', 1);
INSERT INTO proyecto (id, nombre, empresa_id) VALUES (2, 'Hardening de Seguridad', 1);
INSERT INTO proyecto (id, nombre, empresa_id) VALUES (3, 'Auditoría TI', 2);
INSERT INTO proyecto (id, nombre, empresa_id) VALUES (4, 'Hardening de Seguridad - Comercializadora', 2);
INSERT INTO proyecto (id, nombre, empresa_id) VALUES (5, 'Tablero de KPIs', 3);
INSERT INTO proyecto (id, nombre, empresa_id) VALUES (6, 'Plataforma E-commerce', 3);
INSERT INTO proyecto (id, nombre, empresa_id) VALUES (7, 'Analítica Avanzada', 3);
INSERT INTO proyecto (id, nombre, empresa_id) VALUES (8, 'App Móvil Empleados', 3);
INSERT INTO proyecto (id, nombre, empresa_id) VALUES (9, 'Habeas Data', 3);
INSERT INTO proyecto (id, nombre, empresa_id) VALUES (10, 'Virtualización de Servidores', 4);
INSERT INTO proyecto (id, nombre, empresa_id) VALUES (11, 'Optimización Última Milla - Bit', 4);
INSERT INTO proyecto (id, nombre, empresa_id) VALUES (12, 'Contenedorización Kubernetes', 4);
INSERT INTO proyecto (id, nombre, empresa_id) VALUES (13, 'Marketplace Interno', 5);
INSERT INTO proyecto (id, nombre, empresa_id) VALUES (14, 'Modernización ERP', 5);
INSERT INTO proyecto (id, nombre, empresa_id) VALUES (15, 'Business Intelligence', 6);
INSERT INTO proyecto (id, nombre, empresa_id) VALUES (16, 'Machine Learning Predictivo', 6);
INSERT INTO proyecto (id, nombre, empresa_id) VALUES (17, 'Tesorería Corporativa', 7);
INSERT INTO proyecto (id, nombre, empresa_id) VALUES (18, 'WMS Bodegas', 7);
INSERT INTO proyecto (id, nombre, empresa_id) VALUES (19, 'Antifraude', 8);
INSERT INTO proyecto (id, nombre, empresa_id) VALUES (20, 'Trazabilidad Logística', 8);
INSERT INTO proyecto (id, nombre, empresa_id) VALUES (21, 'Data Warehouse', 9);
INSERT INTO proyecto (id, nombre, empresa_id) VALUES (22, 'KYC Digital', 9);
INSERT INTO proyecto (id, nombre, empresa_id) VALUES (23, 'Centro de Contacto Omnicanal', 10);
INSERT INTO proyecto (id, nombre, empresa_id) VALUES (24, 'Transformación Digital', 10);
INSERT INTO proyecto (id, nombre, empresa_id) VALUES (25, 'Gestión de Accesos IAM', 11);
INSERT INTO proyecto (id, nombre, empresa_id) VALUES (26, 'Gestión de Accesos IAM - Obras', 11);
INSERT INTO proyecto (id, nombre, empresa_id) VALUES (27, 'Monitoreo APM', 12);
INSERT INTO proyecto (id, nombre, empresa_id) VALUES (28, 'Business Intelligence - DataCorp', 12);
INSERT INTO proyecto (id, nombre, empresa_id) VALUES (29, 'Dashboard Ejecutivo', 12);
INSERT INTO proyecto (id, nombre, empresa_id) VALUES (30, 'Tablero de KPIs - Servicios', 13);
INSERT INTO proyecto (id, nombre, empresa_id) VALUES (31, 'Migración a AWS', 13);
INSERT INTO proyecto (id, nombre, empresa_id) VALUES (32, 'Transformación Digital - Asesorías', 14);
INSERT INTO proyecto (id, nombre, empresa_id) VALUES (33, 'Tablero de KPIs - Asesorías', 14);
INSERT INTO proyecto (id, nombre, empresa_id) VALUES (34, 'Migración a Azure', 15);
INSERT INTO proyecto (id, nombre, empresa_id) VALUES (35, 'Identidad Federada SSO', 15);
INSERT INTO proyecto (id, nombre, empresa_id) VALUES (36, 'Migración a AWS - DataCorp', 15);
INSERT INTO proyecto (id, nombre, empresa_id) VALUES (37, 'Identidad Federada SSO - Corporación', 16);
INSERT INTO proyecto (id, nombre, empresa_id) VALUES (38, 'Auditoría TI - Corporación', 16);
INSERT INTO proyecto (id, nombre, empresa_id) VALUES (39, 'Marketplace Interno - Retail', 17);
INSERT INTO proyecto (id, nombre, empresa_id) VALUES (40, 'SIEM Corporativo', 17);
INSERT INTO proyecto (id, nombre, empresa_id) VALUES (41, 'Optimización de Costos Cloud', 18);
INSERT INTO proyecto (id, nombre, empresa_id) VALUES (42, 'Transformación Digital - SoftWare', 18);
INSERT INTO proyecto (id, nombre, empresa_id) VALUES (43, 'Portal Proveedores', 18);
INSERT INTO proyecto (id, nombre, empresa_id) VALUES (44, 'Workforce Management', 18);
INSERT INTO proyecto (id, nombre, empresa_id) VALUES (45, 'Nómina Electrónica', 18);
INSERT INTO proyecto (id, nombre, empresa_id) VALUES (46, 'Optimización de Costos Cloud - Mayorista', 19);
INSERT INTO proyecto (id, nombre, empresa_id) VALUES (47, 'Conciliación Bancaria', 19);
INSERT INTO proyecto (id, nombre, empresa_id) VALUES (48, 'Capacitación Virtual LMS', 20);
INSERT INTO proyecto (id, nombre, empresa_id) VALUES (49, 'Encuestas de Clima', 20);
INSERT INTO proyecto (id, nombre, empresa_id) VALUES (50, 'Centro de Contacto Omnicanal - Consultorías', 21);
INSERT INTO proyecto (id, nombre, empresa_id) VALUES (51, 'Forecasting Financiero', 21);
INSERT INTO proyecto (id, nombre, empresa_id) VALUES (52, 'Cumplimiento PCI-DSS', 22);
INSERT INTO proyecto (id, nombre, empresa_id) VALUES (53, 'Riesgo Crediticio', 22);
INSERT INTO proyecto (id, nombre, empresa_id) VALUES (54, 'Data Lake Corporativo', 23);
INSERT INTO proyecto (id, nombre, empresa_id) VALUES (55, 'Firma Electrónica de Contratos', 23);
INSERT INTO proyecto (id, nombre, empresa_id) VALUES (56, 'Cumplimiento PCI-DSS - Andina', 23);
INSERT INTO proyecto (id, nombre, empresa_id) VALUES (57, 'Continuidad de Negocio', 24);
INSERT INTO proyecto (id, nombre, empresa_id) VALUES (58, 'Cumplimiento NIIF', 24);
INSERT INTO proyecto (id, nombre, empresa_id) VALUES (59, 'Tesorería Corporativa - Comercializadora', 24);
INSERT INTO proyecto (id, nombre, empresa_id) VALUES (60, 'PSE y Pasarela de Pagos', 24);
INSERT INTO proyecto (id, nombre, empresa_id) VALUES (61, 'App Móvil Clientes', 25);
INSERT INTO proyecto (id, nombre, empresa_id) VALUES (62, 'Tienda Virtual', 25);
INSERT INTO proyecto (id, nombre, empresa_id) VALUES (63, 'Tienda Virtual - Innovaciones', 25);
INSERT INTO proyecto (id, nombre, empresa_id) VALUES (64, 'Dashboard Ejecutivo - Logística', 26);
INSERT INTO proyecto (id, nombre, empresa_id) VALUES (65, 'Cumplimiento PCI-DSS - Logística', 26);
INSERT INTO proyecto (id, nombre, empresa_id) VALUES (66, 'Migración a Azure - Logística', 26);
INSERT INTO proyecto (id, nombre, empresa_id) VALUES (67, 'Automatización RPA', 27);
INSERT INTO proyecto (id, nombre, empresa_id) VALUES (68, 'Backup en la Nube', 27);
INSERT INTO proyecto (id, nombre, empresa_id) VALUES (69, 'Modernización ERP - Corporación', 27);
INSERT INTO proyecto (id, nombre, empresa_id) VALUES (70, 'Optimización de Costos Cloud - Corporación', 27);
INSERT INTO proyecto (id, nombre, empresa_id) VALUES (71, 'Migración a Azure - Corporación', 27);
INSERT INTO proyecto (id, nombre, empresa_id) VALUES (72, 'Plataforma E-commerce - Digital', 28);
INSERT INTO proyecto (id, nombre, empresa_id) VALUES (73, 'Modernización ERP - Digital', 28);
INSERT INTO proyecto (id, nombre, empresa_id) VALUES (74, 'Riesgo Crediticio - Digital', 28);
INSERT INTO proyecto (id, nombre, empresa_id) VALUES (75, 'SOC 24/7', 28);
INSERT INTO proyecto (id, nombre, empresa_id) VALUES (76, 'Cumplimiento NIIF - Asesorías', 29);
INSERT INTO proyecto (id, nombre, empresa_id) VALUES (77, 'Automatización RPA - Asesorías', 29);
INSERT INTO proyecto (id, nombre, empresa_id) VALUES (78, 'Monitoreo APM - Vivienda', 30);
INSERT INTO proyecto (id, nombre, empresa_id) VALUES (79, 'Modernización ERP - Vivienda', 30);
INSERT INTO proyecto (id, nombre, empresa_id) VALUES (80, 'Optimización Última Milla - Distribuidora', 31);
INSERT INTO proyecto (id, nombre, empresa_id) VALUES (81, 'Backup en la Nube - Distribuidora', 31);
INSERT INTO proyecto (id, nombre, empresa_id) VALUES (82, 'Encuestas de Clima - Concreto', 32);
INSERT INTO proyecto (id, nombre, empresa_id) VALUES (83, 'Portal de Autoservicio', 32);
INSERT INTO proyecto (id, nombre, empresa_id) VALUES (84, 'Beneficios Empleados', 32);
INSERT INTO proyecto (id, nombre, empresa_id) VALUES (85, 'Portal de Autoservicio - Mayorista', 33);
INSERT INTO proyecto (id, nombre, empresa_id) VALUES (86, 'Capacitación Virtual LMS - Mayorista', 33);
INSERT INTO proyecto (id, nombre, empresa_id) VALUES (87, 'TMS Transporte', 33);
INSERT INTO proyecto (id, nombre, empresa_id) VALUES (88, 'Monitoreo APM - Mayorista', 33);
INSERT INTO proyecto (id, nombre, empresa_id) VALUES (89, 'Gestión de Activos', 34);
INSERT INTO proyecto (id, nombre, empresa_id) VALUES (90, 'Trazabilidad Logística - Mayorista', 34);
INSERT INTO proyecto (id, nombre, empresa_id) VALUES (91, 'Renovación de Infraestructura', 34);
INSERT INTO proyecto (id, nombre, empresa_id) VALUES (92, 'Modernización ERP - Inversiones', 35);
INSERT INTO proyecto (id, nombre, empresa_id) VALUES (93, 'Plan DRP', 35);
INSERT INTO proyecto (id, nombre, empresa_id) VALUES (94, 'Migración a AWS - Inversiones', 35);
INSERT INTO proyecto (id, nombre, empresa_id) VALUES (95, 'Tablero de KPIs - Servicios 2', 36);
INSERT INTO proyecto (id, nombre, empresa_id) VALUES (96, 'Encuestas de Clima - Servicios', 36);
INSERT INTO proyecto (id, nombre, empresa_id) VALUES (97, 'Cumplimiento NIIF - Servicios', 36);
INSERT INTO proyecto (id, nombre, empresa_id) VALUES (98, 'Firma Electrónica de Contratos - Servicios', 36);
INSERT INTO proyecto (id, nombre, empresa_id) VALUES (99, 'Gestión de Accesos IAM - Tiendas', 37);
INSERT INTO proyecto (id, nombre, empresa_id) VALUES (100, 'Wifi Corporativo', 37);
INSERT INTO proyecto (id, nombre, empresa_id) VALUES (101, 'Identidad Federada SSO - Tiendas', 37);
INSERT INTO proyecto (id, nombre, empresa_id) VALUES (102, 'Analítica Avanzada - Tiendas', 37);
INSERT INTO proyecto (id, nombre, empresa_id) VALUES (103, 'Conciliación Bancaria - Tecnología', 38);
INSERT INTO proyecto (id, nombre, empresa_id) VALUES (104, 'Migración a GCP', 38);
INSERT INTO proyecto (id, nombre, empresa_id) VALUES (105, 'Contenedorización Kubernetes - Tecnología', 38);
INSERT INTO proyecto (id, nombre, empresa_id) VALUES (106, 'Data Warehouse - Tecnología', 38);
INSERT INTO proyecto (id, nombre, empresa_id) VALUES (107, 'Antifraude - SoftWare', 39);
INSERT INTO proyecto (id, nombre, empresa_id) VALUES (108, 'Observabilidad', 39);
INSERT INTO proyecto (id, nombre, empresa_id) VALUES (109, 'Dashboard Financiero', 39);
INSERT INTO proyecto (id, nombre, empresa_id) VALUES (110, 'DevOps CI/CD', 40);
INSERT INTO proyecto (id, nombre, empresa_id) VALUES (111, 'Migración a Azure - Constructora', 40);
INSERT INTO proyecto (id, nombre, empresa_id) VALUES (112, 'Tienda Virtual - Constructora', 40);
INSERT INTO proyecto (id, nombre, empresa_id) VALUES (113, 'Observabilidad - Constructora', 40);
INSERT INTO proyecto (id, nombre, empresa_id) VALUES (114, 'Contenedorización Kubernetes - BPO', 41);
INSERT INTO proyecto (id, nombre, empresa_id) VALUES (115, 'Plan DRP - BPO', 41);
INSERT INTO proyecto (id, nombre, empresa_id) VALUES (116, 'Encuestas de Clima - BPO', 41);
INSERT INTO proyecto (id, nombre, empresa_id) VALUES (117, 'Identidad Federada SSO - Outlet', 42);
INSERT INTO proyecto (id, nombre, empresa_id) VALUES (118, 'Tablero de KPIs - Outlet', 42);
INSERT INTO proyecto (id, nombre, empresa_id) VALUES (119, 'Capacitación Virtual LMS - Outlet', 42);
INSERT INTO proyecto (id, nombre, empresa_id) VALUES (120, 'Tablero de KPIs - Outlet 2', 42);
INSERT INTO proyecto (id, nombre, empresa_id) VALUES (121, 'Hardening de Seguridad - Tecnología', 43);
INSERT INTO proyecto (id, nombre, empresa_id) VALUES (122, 'Gestión de Inventarios', 43);
INSERT INTO proyecto (id, nombre, empresa_id) VALUES (123, 'Cumplimiento NIIF - Tecnología', 43);
INSERT INTO proyecto (id, nombre, empresa_id) VALUES (124, 'Habeas Data - Tecnología', 43);
INSERT INTO proyecto (id, nombre, empresa_id) VALUES (125, 'Migración a Azure - Bytes', 44);
INSERT INTO proyecto (id, nombre, empresa_id) VALUES (126, 'Habeas Data - Bytes', 44);
INSERT INTO proyecto (id, nombre, empresa_id) VALUES (127, 'Habeas Data - Bytes 2', 44);
INSERT INTO proyecto (id, nombre, empresa_id) VALUES (128, 'KYC Digital - Outlet', 45);
INSERT INTO proyecto (id, nombre, empresa_id) VALUES (129, 'Centro de Contacto Omnicanal - Outlet', 45);
INSERT INTO proyecto (id, nombre, empresa_id) VALUES (130, 'Workforce Management - Outlet', 45);
INSERT INTO proyecto (id, nombre, empresa_id) VALUES (131, 'Marketplace Interno - Innovaciones', 46);
INSERT INTO proyecto (id, nombre, empresa_id) VALUES (132, 'Tesorería Corporativa - Innovaciones', 46);
INSERT INTO proyecto (id, nombre, empresa_id) VALUES (133, 'Beneficios Empleados - Innovaciones', 46);
INSERT INTO proyecto (id, nombre, empresa_id) VALUES (134, 'Capacitación Virtual LMS - Innovaciones', 46);
INSERT INTO proyecto (id, nombre, empresa_id) VALUES (135, 'Data Warehouse - Consultorías', 47);
INSERT INTO proyecto (id, nombre, empresa_id) VALUES (136, 'Monitoreo APM - Consultorías', 47);
INSERT INTO proyecto (id, nombre, empresa_id) VALUES (137, 'Sistema de Gestión Documental', 47);
INSERT INTO proyecto (id, nombre, empresa_id) VALUES (138, 'Smart Building', 48);
INSERT INTO proyecto (id, nombre, empresa_id) VALUES (139, 'Virtualización de Servidores - Asesorías', 48);
INSERT INTO proyecto (id, nombre, empresa_id) VALUES (140, 'Renovación de Infraestructura - Asesorías', 48);
INSERT INTO proyecto (id, nombre, empresa_id) VALUES (141, 'Reporting Regulatorio', 48);
INSERT INTO proyecto (id, nombre, empresa_id) VALUES (142, 'Riesgo Crediticio - Colombiana', 49);
INSERT INTO proyecto (id, nombre, empresa_id) VALUES (143, 'SIEM Corporativo - Colombiana', 49);
INSERT INTO proyecto (id, nombre, empresa_id) VALUES (144, 'Cumplimiento PCI-DSS - Colombiana', 49);
INSERT INTO proyecto (id, nombre, empresa_id) VALUES (145, 'Wifi Corporativo - Colombiana', 49);
INSERT INTO proyecto (id, nombre, empresa_id) VALUES (146, 'Hardening de Seguridad - Colombiana', 49);
INSERT INTO proyecto (id, nombre, empresa_id) VALUES (147, 'SIEM Corporativo - Innovación', 50);
INSERT INTO proyecto (id, nombre, empresa_id) VALUES (148, 'Workforce Management - Innovación', 50);
INSERT INTO proyecto (id, nombre, empresa_id) VALUES (149, 'Gestión de Accesos IAM - Innovación', 50);
INSERT INTO proyecto (id, nombre, empresa_id) VALUES (150, 'Integración API REST', 50);
INSERT INTO area (id, nombre, proyecto_id) VALUES (1, 'Infraestructura Cloud - Optimización Última Milla', 1);
INSERT INTO area (id, nombre, proyecto_id) VALUES (2, 'Legal Corporativo - Hardening de Seguridad', 2);
INSERT INTO area (id, nombre, proyecto_id) VALUES (3, 'Recursos Humanos - Auditoría TI', 3);
INSERT INTO area (id, nombre, proyecto_id) VALUES (4, 'Desarrollo de Software - Hardening de Seguridad - Comercializadora', 4);
INSERT INTO area (id, nombre, proyecto_id) VALUES (5, 'Tesorería - Tablero de KPIs', 5);
INSERT INTO area (id, nombre, proyecto_id) VALUES (6, 'Comunicaciones - Plataforma E-commerce', 6);
INSERT INTO area (id, nombre, proyecto_id) VALUES (7, 'Investigación y Desarrollo - Analítica Avanzada', 7);
INSERT INTO area (id, nombre, proyecto_id) VALUES (8, 'Auditoría Interna - App Móvil Empleados', 8);
INSERT INTO area (id, nombre, proyecto_id) VALUES (9, 'Finanzas - Habeas Data', 9);
INSERT INTO area (id, nombre, proyecto_id) VALUES (10, 'Recursos Humanos - Virtualización de Servidores', 10);
INSERT INTO area (id, nombre, proyecto_id) VALUES (11, 'Operaciones - Optimización Última Milla - Bit', 11);
INSERT INTO area (id, nombre, proyecto_id) VALUES (12, 'Investigación y Desarrollo - Contenedorización Kubernetes', 12);
INSERT INTO area (id, nombre, proyecto_id) VALUES (13, 'Legal Corporativo - Marketplace Interno', 13);
INSERT INTO area (id, nombre, proyecto_id) VALUES (14, 'Cumplimiento - Modernización ERP', 14);
INSERT INTO area (id, nombre, proyecto_id) VALUES (15, 'Recursos Humanos - Business Intelligence', 15);
INSERT INTO area (id, nombre, proyecto_id) VALUES (16, 'Ventas Regionales - Machine Learning Predictivo', 16);
INSERT INTO area (id, nombre, proyecto_id) VALUES (17, 'Finanzas - Tesorería Corporativa', 17);
INSERT INTO area (id, nombre, proyecto_id) VALUES (18, 'Operaciones - WMS Bodegas', 18);
INSERT INTO area (id, nombre, proyecto_id) VALUES (19, 'Administración - Antifraude', 19);
INSERT INTO area (id, nombre, proyecto_id) VALUES (20, 'Auditoría Interna - Trazabilidad Logística', 20);
INSERT INTO area (id, nombre, proyecto_id) VALUES (21, 'Gestión de Proyectos - Data Warehouse', 21);
INSERT INTO area (id, nombre, proyecto_id) VALUES (22, 'Servicio al Cliente - KYC Digital', 22);
INSERT INTO area (id, nombre, proyecto_id) VALUES (23, 'Servicio al Cliente - Centro de Contacto Omnicanal', 23);
INSERT INTO area (id, nombre, proyecto_id) VALUES (24, 'Cumplimiento - Transformación Digital', 24);
INSERT INTO area (id, nombre, proyecto_id) VALUES (25, 'Logística - Gestión de Accesos IAM', 25);
INSERT INTO area (id, nombre, proyecto_id) VALUES (26, 'Servicio al Cliente - Gestión de Accesos IAM - Obras', 26);
INSERT INTO area (id, nombre, proyecto_id) VALUES (27, 'Finanzas - Monitoreo APM', 27);
INSERT INTO area (id, nombre, proyecto_id) VALUES (28, 'Servicio al Cliente - Business Intelligence - DataCorp', 28);
INSERT INTO area (id, nombre, proyecto_id) VALUES (29, 'Tesorería - Dashboard Ejecutivo', 29);
INSERT INTO area (id, nombre, proyecto_id) VALUES (30, 'Planeación Estratégica - Tablero de KPIs - Servicios', 30);
INSERT INTO area (id, nombre, proyecto_id) VALUES (31, 'Riesgos - Migración a AWS', 31);
INSERT INTO area (id, nombre, proyecto_id) VALUES (32, 'Contabilidad - Transformación Digital - Asesorías', 32);
INSERT INTO area (id, nombre, proyecto_id) VALUES (33, 'Riesgos - Tablero de KPIs - Asesorías', 33);
INSERT INTO area (id, nombre, proyecto_id) VALUES (34, 'Legal Corporativo - Migración a Azure', 34);
INSERT INTO area (id, nombre, proyecto_id) VALUES (35, 'Servicio al Cliente - Identidad Federada SSO', 35);
INSERT INTO area (id, nombre, proyecto_id) VALUES (36, 'TI - Migración a AWS - DataCorp', 36);
INSERT INTO area (id, nombre, proyecto_id) VALUES (37, 'TI - Identidad Federada SSO - Corporación', 37);
INSERT INTO area (id, nombre, proyecto_id) VALUES (38, 'Calidad - Auditoría TI - Corporación', 38);
INSERT INTO area (id, nombre, proyecto_id) VALUES (39, 'Cumplimiento - Marketplace Interno - Retail', 39);
INSERT INTO area (id, nombre, proyecto_id) VALUES (40, 'Calidad - SIEM Corporativo', 40);
INSERT INTO area (id, nombre, proyecto_id) VALUES (41, 'Servicio al Cliente - Optimización de Costos Cloud', 41);
INSERT INTO area (id, nombre, proyecto_id) VALUES (42, 'Administración - Transformación Digital - SoftWare', 42);
INSERT INTO area (id, nombre, proyecto_id) VALUES (43, 'Operaciones - Portal Proveedores', 43);
INSERT INTO area (id, nombre, proyecto_id) VALUES (44, 'Legal Corporativo - Workforce Management', 44);
INSERT INTO area (id, nombre, proyecto_id) VALUES (45, 'Administración - Nómina Electrónica', 45);
INSERT INTO area (id, nombre, proyecto_id) VALUES (46, 'Auditoría Interna - Optimización de Costos Cloud - Mayorista', 46);
INSERT INTO area (id, nombre, proyecto_id) VALUES (47, 'Calidad - Conciliación Bancaria', 47);
INSERT INTO area (id, nombre, proyecto_id) VALUES (48, 'Ventas Regionales - Capacitación Virtual LMS', 48);
INSERT INTO area (id, nombre, proyecto_id) VALUES (49, 'Operaciones - Encuestas de Clima', 49);
INSERT INTO area (id, nombre, proyecto_id) VALUES (50, 'Contabilidad - Centro de Contacto Omnicanal - Consultorías', 50);
INSERT INTO area (id, nombre, proyecto_id) VALUES (51, 'Recursos Humanos - Forecasting Financiero', 51);
INSERT INTO area (id, nombre, proyecto_id) VALUES (52, 'Innovación - Cumplimiento PCI-DSS', 52);
INSERT INTO area (id, nombre, proyecto_id) VALUES (53, 'Ventas Regionales - Riesgo Crediticio', 53);
INSERT INTO area (id, nombre, proyecto_id) VALUES (54, 'Innovación - Data Lake Corporativo', 54);
INSERT INTO area (id, nombre, proyecto_id) VALUES (55, 'Tesorería - Firma Electrónica de Contratos', 55);
INSERT INTO area (id, nombre, proyecto_id) VALUES (56, 'Calidad - Cumplimiento PCI-DSS - Andina', 56);
INSERT INTO area (id, nombre, proyecto_id) VALUES (57, 'Auditoría Interna - Cumplimiento PCI-DSS - Andina', 56);
INSERT INTO area (id, nombre, proyecto_id) VALUES (58, 'Planeación Estratégica - Cumplimiento PCI-DSS - Andina', 56);
INSERT INTO area (id, nombre, proyecto_id) VALUES (59, 'Contabilidad - Continuidad de Negocio', 57);
INSERT INTO area (id, nombre, proyecto_id) VALUES (60, 'Marketing Digital - Cumplimiento NIIF', 58);
INSERT INTO area (id, nombre, proyecto_id) VALUES (61, 'Recursos Humanos - Tesorería Corporativa - Comercializadora', 59);
INSERT INTO area (id, nombre, proyecto_id) VALUES (62, 'Comunicaciones - Tesorería Corporativa - Comercializadora', 59);
INSERT INTO area (id, nombre, proyecto_id) VALUES (63, 'Planeación Estratégica - PSE y Pasarela de Pagos', 60);
INSERT INTO area (id, nombre, proyecto_id) VALUES (64, 'Finanzas - PSE y Pasarela de Pagos', 60);
INSERT INTO area (id, nombre, proyecto_id) VALUES (65, 'Datos y Analítica - App Móvil Clientes', 61);
INSERT INTO area (id, nombre, proyecto_id) VALUES (66, 'Soporte Técnico - App Móvil Clientes', 61);
INSERT INTO area (id, nombre, proyecto_id) VALUES (67, 'Contabilidad - App Móvil Clientes', 61);
INSERT INTO area (id, nombre, proyecto_id) VALUES (68, 'Servicio al Cliente - Tienda Virtual', 62);
INSERT INTO area (id, nombre, proyecto_id) VALUES (69, 'Planeación Estratégica - Tienda Virtual', 62);
INSERT INTO area (id, nombre, proyecto_id) VALUES (70, 'Desarrollo de Software - Tienda Virtual', 62);
INSERT INTO area (id, nombre, proyecto_id) VALUES (71, 'Ventas Regionales - Tienda Virtual - Innovaciones', 63);
INSERT INTO area (id, nombre, proyecto_id) VALUES (72, 'Finanzas - Dashboard Ejecutivo - Logística', 64);
INSERT INTO area (id, nombre, proyecto_id) VALUES (73, 'Servicio al Cliente - Cumplimiento PCI-DSS - Logística', 65);
INSERT INTO area (id, nombre, proyecto_id) VALUES (74, 'Marketing Digital - Cumplimiento PCI-DSS - Logística', 65);
INSERT INTO area (id, nombre, proyecto_id) VALUES (75, 'Arquitectura de Soluciones - Cumplimiento PCI-DSS - Logística', 65);
INSERT INTO area (id, nombre, proyecto_id) VALUES (76, 'Recursos Humanos - Migración a Azure - Logística', 66);
INSERT INTO area (id, nombre, proyecto_id) VALUES (77, 'Marketing Digital - Migración a Azure - Logística', 66);
INSERT INTO area (id, nombre, proyecto_id) VALUES (78, 'Operaciones - Migración a Azure - Logística', 66);
INSERT INTO area (id, nombre, proyecto_id) VALUES (79, 'Calidad - Automatización RPA', 67);
INSERT INTO area (id, nombre, proyecto_id) VALUES (80, 'Comunicaciones - Automatización RPA', 67);
INSERT INTO area (id, nombre, proyecto_id) VALUES (81, 'Finanzas - Backup en la Nube', 68);
INSERT INTO area (id, nombre, proyecto_id) VALUES (82, 'Innovación - Backup en la Nube', 68);
INSERT INTO area (id, nombre, proyecto_id) VALUES (83, 'Compras - Backup en la Nube', 68);
INSERT INTO area (id, nombre, proyecto_id) VALUES (84, 'Seguridad Informática - Backup en la Nube', 68);
INSERT INTO area (id, nombre, proyecto_id) VALUES (85, 'Arquitectura de Soluciones - Modernización ERP - Corporación', 69);
INSERT INTO area (id, nombre, proyecto_id) VALUES (86, 'Cumplimiento - Optimización de Costos Cloud - Corporación', 70);
INSERT INTO area (id, nombre, proyecto_id) VALUES (87, 'Arquitectura de Soluciones - Optimización de Costos Cloud - Corporación', 70);
INSERT INTO area (id, nombre, proyecto_id) VALUES (88, 'Comunicaciones - Optimización de Costos Cloud - Corporación', 70);
INSERT INTO area (id, nombre, proyecto_id) VALUES (89, 'Auditoría Interna - Migración a Azure - Corporación', 71);
INSERT INTO area (id, nombre, proyecto_id) VALUES (90, 'Cumplimiento - Migración a Azure - Corporación', 71);
INSERT INTO area (id, nombre, proyecto_id) VALUES (91, 'Comunicaciones - Migración a Azure - Corporación', 71);
INSERT INTO area (id, nombre, proyecto_id) VALUES (92, 'Contabilidad - Plataforma E-commerce - Digital', 72);
INSERT INTO area (id, nombre, proyecto_id) VALUES (93, 'Arquitectura de Soluciones - Modernización ERP - Digital', 73);
INSERT INTO area (id, nombre, proyecto_id) VALUES (94, 'Servicio al Cliente - Modernización ERP - Digital', 73);
INSERT INTO area (id, nombre, proyecto_id) VALUES (95, 'Logística - Riesgo Crediticio - Digital', 74);
INSERT INTO area (id, nombre, proyecto_id) VALUES (96, 'Desarrollo de Software - Riesgo Crediticio - Digital', 74);
INSERT INTO area (id, nombre, proyecto_id) VALUES (97, 'Recursos Humanos - Riesgo Crediticio - Digital', 74);
INSERT INTO area (id, nombre, proyecto_id) VALUES (98, 'Legal Corporativo - Riesgo Crediticio - Digital', 74);
INSERT INTO area (id, nombre, proyecto_id) VALUES (99, 'Finanzas - SOC 24/7', 75);
INSERT INTO area (id, nombre, proyecto_id) VALUES (100, 'Legal Corporativo - Cumplimiento NIIF - Asesorías', 76);
INSERT INTO area (id, nombre, proyecto_id) VALUES (101, 'Operaciones - Automatización RPA - Asesorías', 77);
INSERT INTO area (id, nombre, proyecto_id) VALUES (102, 'Administración - Monitoreo APM - Vivienda', 78);
INSERT INTO area (id, nombre, proyecto_id) VALUES (103, 'Comunicaciones - Monitoreo APM - Vivienda', 78);
INSERT INTO area (id, nombre, proyecto_id) VALUES (104, 'Riesgos - Monitoreo APM - Vivienda', 78);
INSERT INTO area (id, nombre, proyecto_id) VALUES (105, 'Operaciones - Monitoreo APM - Vivienda', 78);
INSERT INTO area (id, nombre, proyecto_id) VALUES (106, 'Administración - Modernización ERP - Vivienda', 79);
INSERT INTO area (id, nombre, proyecto_id) VALUES (107, 'Datos y Analítica - Optimización Última Milla - Distribuidora', 80);
INSERT INTO area (id, nombre, proyecto_id) VALUES (108, 'Planeación Estratégica - Backup en la Nube - Distribuidora', 81);
INSERT INTO area (id, nombre, proyecto_id) VALUES (109, 'Operaciones - Backup en la Nube - Distribuidora', 81);
INSERT INTO area (id, nombre, proyecto_id) VALUES (110, 'Ventas Regionales - Backup en la Nube - Distribuidora', 81);
INSERT INTO area (id, nombre, proyecto_id) VALUES (111, 'Administración - Encuestas de Clima - Concreto', 82);
INSERT INTO area (id, nombre, proyecto_id) VALUES (112, 'Legal Corporativo - Encuestas de Clima - Concreto', 82);
INSERT INTO area (id, nombre, proyecto_id) VALUES (113, 'Logística - Encuestas de Clima - Concreto', 82);
INSERT INTO area (id, nombre, proyecto_id) VALUES (114, 'Cumplimiento - Portal de Autoservicio', 83);
INSERT INTO area (id, nombre, proyecto_id) VALUES (115, 'Ventas Regionales - Portal de Autoservicio', 83);
INSERT INTO area (id, nombre, proyecto_id) VALUES (116, 'Planeación Estratégica - Beneficios Empleados', 84);
INSERT INTO area (id, nombre, proyecto_id) VALUES (117, 'Contabilidad - Beneficios Empleados', 84);
INSERT INTO area (id, nombre, proyecto_id) VALUES (118, 'Comunicaciones - Beneficios Empleados', 84);
INSERT INTO area (id, nombre, proyecto_id) VALUES (119, 'Compras - Beneficios Empleados', 84);
INSERT INTO area (id, nombre, proyecto_id) VALUES (120, 'Ventas Regionales - Portal de Autoservicio - Mayorista', 85);
INSERT INTO area (id, nombre, proyecto_id) VALUES (121, 'Operaciones - Portal de Autoservicio - Mayorista', 85);
INSERT INTO area (id, nombre, proyecto_id) VALUES (122, 'Planeación Estratégica - Portal de Autoservicio - Mayorista', 85);
INSERT INTO area (id, nombre, proyecto_id) VALUES (123, 'Soporte Técnico - Capacitación Virtual LMS - Mayorista', 86);
INSERT INTO area (id, nombre, proyecto_id) VALUES (124, 'Soporte Técnico - TMS Transporte', 87);
INSERT INTO area (id, nombre, proyecto_id) VALUES (125, 'Seguridad Informática - Monitoreo APM - Mayorista', 88);
INSERT INTO area (id, nombre, proyecto_id) VALUES (126, 'Cumplimiento - Monitoreo APM - Mayorista', 88);
INSERT INTO area (id, nombre, proyecto_id) VALUES (127, 'Auditoría Interna - Monitoreo APM - Mayorista', 88);
INSERT INTO area (id, nombre, proyecto_id) VALUES (128, 'Marketing Digital - Monitoreo APM - Mayorista', 88);
INSERT INTO area (id, nombre, proyecto_id) VALUES (129, 'Administración - Gestión de Activos', 89);
INSERT INTO area (id, nombre, proyecto_id) VALUES (130, 'Calidad - Gestión de Activos', 89);
INSERT INTO area (id, nombre, proyecto_id) VALUES (131, 'Ventas Regionales - Trazabilidad Logística - Mayorista', 90);
INSERT INTO area (id, nombre, proyecto_id) VALUES (132, 'Administración - Trazabilidad Logística - Mayorista', 90);
INSERT INTO area (id, nombre, proyecto_id) VALUES (133, 'Logística - Trazabilidad Logística - Mayorista', 90);
INSERT INTO area (id, nombre, proyecto_id) VALUES (134, 'Gestión de Proyectos - Trazabilidad Logística - Mayorista', 90);
INSERT INTO area (id, nombre, proyecto_id) VALUES (135, 'Ventas Regionales - Renovación de Infraestructura', 91);
INSERT INTO area (id, nombre, proyecto_id) VALUES (136, 'Desarrollo de Software - Modernización ERP - Inversiones', 92);
INSERT INTO area (id, nombre, proyecto_id) VALUES (137, 'Logística - Modernización ERP - Inversiones', 92);
INSERT INTO area (id, nombre, proyecto_id) VALUES (138, 'Ventas Regionales - Modernización ERP - Inversiones', 92);
INSERT INTO area (id, nombre, proyecto_id) VALUES (139, 'Soporte Técnico - Modernización ERP - Inversiones', 92);
INSERT INTO area (id, nombre, proyecto_id) VALUES (140, 'Desarrollo de Software - Plan DRP', 93);
INSERT INTO area (id, nombre, proyecto_id) VALUES (141, 'Datos y Analítica - Plan DRP', 93);
INSERT INTO area (id, nombre, proyecto_id) VALUES (142, 'TI - Plan DRP', 93);
INSERT INTO area (id, nombre, proyecto_id) VALUES (143, 'Tesorería - Plan DRP', 93);
INSERT INTO area (id, nombre, proyecto_id) VALUES (144, 'Datos y Analítica - Migración a AWS - Inversiones', 94);
INSERT INTO area (id, nombre, proyecto_id) VALUES (145, 'Operaciones - Migración a AWS - Inversiones', 94);
INSERT INTO area (id, nombre, proyecto_id) VALUES (146, 'Planeación Estratégica - Tablero de KPIs - Servicios 2', 95);
INSERT INTO area (id, nombre, proyecto_id) VALUES (147, 'Operaciones - Tablero de KPIs - Servicios 2', 95);
INSERT INTO area (id, nombre, proyecto_id) VALUES (148, 'Gestión de Proyectos - Tablero de KPIs - Servicios 2', 95);
INSERT INTO area (id, nombre, proyecto_id) VALUES (149, 'Compras - Encuestas de Clima - Servicios', 96);
INSERT INTO area (id, nombre, proyecto_id) VALUES (150, 'Seguridad Informática - Encuestas de Clima - Servicios', 96);
INSERT INTO area (id, nombre, proyecto_id) VALUES (151, 'Legal Corporativo - Cumplimiento NIIF - Servicios', 97);
INSERT INTO area (id, nombre, proyecto_id) VALUES (152, 'Finanzas - Firma Electrónica de Contratos - Servicios', 98);
INSERT INTO area (id, nombre, proyecto_id) VALUES (153, 'Servicio al Cliente - Firma Electrónica de Contratos - Servicios', 98);
INSERT INTO area (id, nombre, proyecto_id) VALUES (154, 'Recursos Humanos - Firma Electrónica de Contratos - Servicios', 98);
INSERT INTO area (id, nombre, proyecto_id) VALUES (155, 'Operaciones - Gestión de Accesos IAM - Tiendas', 99);
INSERT INTO area (id, nombre, proyecto_id) VALUES (156, 'Ventas Regionales - Gestión de Accesos IAM - Tiendas', 99);
INSERT INTO area (id, nombre, proyecto_id) VALUES (157, 'Soporte Técnico - Gestión de Accesos IAM - Tiendas', 99);
INSERT INTO area (id, nombre, proyecto_id) VALUES (158, 'Finanzas - Gestión de Accesos IAM - Tiendas', 99);
INSERT INTO area (id, nombre, proyecto_id) VALUES (159, 'Administración - Wifi Corporativo', 100);
INSERT INTO area (id, nombre, proyecto_id) VALUES (160, 'Tesorería - Identidad Federada SSO - Tiendas', 101);
INSERT INTO area (id, nombre, proyecto_id) VALUES (161, 'Desarrollo de Software - Identidad Federada SSO - Tiendas', 101);
INSERT INTO area (id, nombre, proyecto_id) VALUES (162, 'TI - Analítica Avanzada - Tiendas', 102);
INSERT INTO area (id, nombre, proyecto_id) VALUES (163, 'Auditoría Interna - Analítica Avanzada - Tiendas', 102);
INSERT INTO area (id, nombre, proyecto_id) VALUES (164, 'Marketing Digital - Analítica Avanzada - Tiendas', 102);
INSERT INTO area (id, nombre, proyecto_id) VALUES (165, 'TI - Conciliación Bancaria - Tecnología', 103);
INSERT INTO area (id, nombre, proyecto_id) VALUES (166, 'Tesorería - Migración a GCP', 104);
INSERT INTO area (id, nombre, proyecto_id) VALUES (167, 'Comunicaciones - Migración a GCP', 104);
INSERT INTO area (id, nombre, proyecto_id) VALUES (168, 'Desarrollo de Software - Migración a GCP', 104);
INSERT INTO area (id, nombre, proyecto_id) VALUES (169, 'Servicio al Cliente - Migración a GCP', 104);
INSERT INTO area (id, nombre, proyecto_id) VALUES (170, 'Finanzas - Contenedorización Kubernetes - Tecnología', 105);
INSERT INTO area (id, nombre, proyecto_id) VALUES (171, 'Gestión de Proyectos - Contenedorización Kubernetes - Tecnología', 105);
INSERT INTO area (id, nombre, proyecto_id) VALUES (172, 'Tesorería - Contenedorización Kubernetes - Tecnología', 105);
INSERT INTO area (id, nombre, proyecto_id) VALUES (173, 'Infraestructura Cloud - Data Warehouse - Tecnología', 106);
INSERT INTO area (id, nombre, proyecto_id) VALUES (174, 'Compras - Data Warehouse - Tecnología', 106);
INSERT INTO area (id, nombre, proyecto_id) VALUES (175, 'Soporte Técnico - Data Warehouse - Tecnología', 106);
INSERT INTO area (id, nombre, proyecto_id) VALUES (176, 'Auditoría Interna - Antifraude - SoftWare', 107);
INSERT INTO area (id, nombre, proyecto_id) VALUES (177, 'Investigación y Desarrollo - Antifraude - SoftWare', 107);
INSERT INTO area (id, nombre, proyecto_id) VALUES (178, 'Contabilidad - Observabilidad', 108);
INSERT INTO area (id, nombre, proyecto_id) VALUES (179, 'Planeación Estratégica - Observabilidad', 108);
INSERT INTO area (id, nombre, proyecto_id) VALUES (180, 'Cumplimiento - Observabilidad', 108);
INSERT INTO area (id, nombre, proyecto_id) VALUES (181, 'Soporte Técnico - Dashboard Financiero', 109);
INSERT INTO area (id, nombre, proyecto_id) VALUES (182, 'Arquitectura de Soluciones - Dashboard Financiero', 109);
INSERT INTO area (id, nombre, proyecto_id) VALUES (183, 'Operaciones - Dashboard Financiero', 109);
INSERT INTO area (id, nombre, proyecto_id) VALUES (184, 'Recursos Humanos - DevOps CI/CD', 110);
INSERT INTO area (id, nombre, proyecto_id) VALUES (185, 'Marketing Digital - DevOps CI/CD', 110);
INSERT INTO area (id, nombre, proyecto_id) VALUES (186, 'Planeación Estratégica - Migración a Azure - Constructora', 111);
INSERT INTO area (id, nombre, proyecto_id) VALUES (187, 'Calidad - Migración a Azure - Constructora', 111);
INSERT INTO area (id, nombre, proyecto_id) VALUES (188, 'Auditoría Interna - Migración a Azure - Constructora', 111);
INSERT INTO area (id, nombre, proyecto_id) VALUES (189, 'Calidad - Migración a Azure - Constructora (2)', 111);
INSERT INTO area (id, nombre, proyecto_id) VALUES (190, 'Soporte Técnico - Tienda Virtual - Constructora', 112);
INSERT INTO area (id, nombre, proyecto_id) VALUES (191, 'Desarrollo de Software - Tienda Virtual - Constructora', 112);
INSERT INTO area (id, nombre, proyecto_id) VALUES (192, 'Gestión de Proyectos - Tienda Virtual - Constructora', 112);
INSERT INTO area (id, nombre, proyecto_id) VALUES (193, 'TI - Tienda Virtual - Constructora', 112);
INSERT INTO area (id, nombre, proyecto_id) VALUES (194, 'Soporte Técnico - Observabilidad - Constructora', 113);
INSERT INTO area (id, nombre, proyecto_id) VALUES (195, 'Gestión de Proyectos - Contenedorización Kubernetes - BPO', 114);
INSERT INTO area (id, nombre, proyecto_id) VALUES (196, 'Contabilidad - Contenedorización Kubernetes - BPO', 114);
INSERT INTO area (id, nombre, proyecto_id) VALUES (197, 'Planeación Estratégica - Contenedorización Kubernetes - BPO', 114);
INSERT INTO area (id, nombre, proyecto_id) VALUES (198, 'Cumplimiento - Plan DRP - BPO', 115);
INSERT INTO area (id, nombre, proyecto_id) VALUES (199, 'Contabilidad - Plan DRP - BPO', 115);
INSERT INTO area (id, nombre, proyecto_id) VALUES (200, 'Datos y Analítica - Plan DRP - BPO', 115);
INSERT INTO area (id, nombre, proyecto_id) VALUES (201, 'Servicio al Cliente - Plan DRP - BPO', 115);
INSERT INTO area (id, nombre, proyecto_id) VALUES (202, 'Planeación Estratégica - Encuestas de Clima - BPO', 116);
INSERT INTO area (id, nombre, proyecto_id) VALUES (203, 'Legal Corporativo - Encuestas de Clima - BPO', 116);
INSERT INTO area (id, nombre, proyecto_id) VALUES (204, 'Riesgos - Identidad Federada SSO - Outlet', 117);
INSERT INTO area (id, nombre, proyecto_id) VALUES (205, 'Auditoría Interna - Identidad Federada SSO - Outlet', 117);
INSERT INTO area (id, nombre, proyecto_id) VALUES (206, 'Gestión de Proyectos - Identidad Federada SSO - Outlet', 117);
INSERT INTO area (id, nombre, proyecto_id) VALUES (207, 'Desarrollo de Software - Tablero de KPIs - Outlet', 118);
INSERT INTO area (id, nombre, proyecto_id) VALUES (208, 'Servicio al Cliente - Capacitación Virtual LMS - Outlet', 119);
INSERT INTO area (id, nombre, proyecto_id) VALUES (209, 'Auditoría Interna - Capacitación Virtual LMS - Outlet', 119);
INSERT INTO area (id, nombre, proyecto_id) VALUES (210, 'TI - Capacitación Virtual LMS - Outlet', 119);
INSERT INTO area (id, nombre, proyecto_id) VALUES (211, 'Comunicaciones - Capacitación Virtual LMS - Outlet', 119);
INSERT INTO area (id, nombre, proyecto_id) VALUES (212, 'Marketing Digital - Tablero de KPIs - Outlet 2', 120);
INSERT INTO area (id, nombre, proyecto_id) VALUES (213, 'Ventas Regionales - Tablero de KPIs - Outlet 2', 120);
INSERT INTO area (id, nombre, proyecto_id) VALUES (214, 'Legal Corporativo - Tablero de KPIs - Outlet 2', 120);
INSERT INTO area (id, nombre, proyecto_id) VALUES (215, 'Desarrollo de Software - Tablero de KPIs - Outlet 2', 120);
INSERT INTO area (id, nombre, proyecto_id) VALUES (216, 'Operaciones - Hardening de Seguridad - Tecnología', 121);
INSERT INTO area (id, nombre, proyecto_id) VALUES (217, 'Cumplimiento - Gestión de Inventarios', 122);
INSERT INTO area (id, nombre, proyecto_id) VALUES (218, 'Finanzas - Cumplimiento NIIF - Tecnología', 123);
INSERT INTO area (id, nombre, proyecto_id) VALUES (219, 'Compras - Cumplimiento NIIF - Tecnología', 123);
INSERT INTO area (id, nombre, proyecto_id) VALUES (220, 'Operaciones - Cumplimiento NIIF - Tecnología', 123);
INSERT INTO area (id, nombre, proyecto_id) VALUES (221, 'Servicio al Cliente - Habeas Data - Tecnología', 124);
INSERT INTO area (id, nombre, proyecto_id) VALUES (222, 'Servicio al Cliente - Habeas Data - Tecnología (2)', 124);
INSERT INTO area (id, nombre, proyecto_id) VALUES (223, 'Logística - Habeas Data - Tecnología', 124);
INSERT INTO area (id, nombre, proyecto_id) VALUES (224, 'Marketing Digital - Migración a Azure - Bytes', 125);
INSERT INTO area (id, nombre, proyecto_id) VALUES (225, 'Auditoría Interna - Migración a Azure - Bytes', 125);
INSERT INTO area (id, nombre, proyecto_id) VALUES (226, 'Investigación y Desarrollo - Migración a Azure - Bytes', 125);
INSERT INTO area (id, nombre, proyecto_id) VALUES (227, 'Datos y Analítica - Habeas Data - Bytes', 126);
INSERT INTO area (id, nombre, proyecto_id) VALUES (228, 'Operaciones - Habeas Data - Bytes', 126);
INSERT INTO area (id, nombre, proyecto_id) VALUES (229, 'Tesorería - Habeas Data - Bytes', 126);
INSERT INTO area (id, nombre, proyecto_id) VALUES (230, 'Contabilidad - Habeas Data - Bytes', 126);
INSERT INTO area (id, nombre, proyecto_id) VALUES (231, 'Compras - Habeas Data - Bytes 2', 127);
INSERT INTO area (id, nombre, proyecto_id) VALUES (232, 'Calidad - Habeas Data - Bytes 2', 127);
INSERT INTO area (id, nombre, proyecto_id) VALUES (233, 'Innovación - KYC Digital - Outlet', 128);
INSERT INTO area (id, nombre, proyecto_id) VALUES (234, 'Contabilidad - KYC Digital - Outlet', 128);
INSERT INTO area (id, nombre, proyecto_id) VALUES (235, 'Riesgos - Centro de Contacto Omnicanal - Outlet', 129);
INSERT INTO area (id, nombre, proyecto_id) VALUES (236, 'Desarrollo de Software - Centro de Contacto Omnicanal - Outlet', 129);
INSERT INTO area (id, nombre, proyecto_id) VALUES (237, 'Arquitectura de Soluciones - Centro de Contacto Omnicanal - Outlet', 129);
INSERT INTO area (id, nombre, proyecto_id) VALUES (238, 'Servicio al Cliente - Centro de Contacto Omnicanal - Outlet', 129);
INSERT INTO area (id, nombre, proyecto_id) VALUES (239, 'Finanzas - Workforce Management - Outlet', 130);
INSERT INTO area (id, nombre, proyecto_id) VALUES (240, 'Planeación Estratégica - Workforce Management - Outlet', 130);
INSERT INTO area (id, nombre, proyecto_id) VALUES (241, 'Contabilidad - Marketplace Interno - Innovaciones', 131);
INSERT INTO area (id, nombre, proyecto_id) VALUES (242, 'Legal Corporativo - Tesorería Corporativa - Innovaciones', 132);
INSERT INTO area (id, nombre, proyecto_id) VALUES (243, 'Ventas Regionales - Tesorería Corporativa - Innovaciones', 132);
INSERT INTO area (id, nombre, proyecto_id) VALUES (244, 'Marketing Digital - Tesorería Corporativa - Innovaciones', 132);
INSERT INTO area (id, nombre, proyecto_id) VALUES (245, 'Auditoría Interna - Beneficios Empleados - Innovaciones', 133);
INSERT INTO area (id, nombre, proyecto_id) VALUES (246, 'Seguridad Informática - Beneficios Empleados - Innovaciones', 133);
INSERT INTO area (id, nombre, proyecto_id) VALUES (247, 'Finanzas - Beneficios Empleados - Innovaciones', 133);
INSERT INTO area (id, nombre, proyecto_id) VALUES (248, 'Administración - Beneficios Empleados - Innovaciones', 133);
INSERT INTO area (id, nombre, proyecto_id) VALUES (249, 'Finanzas - Capacitación Virtual LMS - Innovaciones', 134);
INSERT INTO area (id, nombre, proyecto_id) VALUES (250, 'Arquitectura de Soluciones - Data Warehouse - Consultorías', 135);
INSERT INTO area (id, nombre, proyecto_id) VALUES (251, 'Arquitectura de Soluciones - Data Warehouse - Consultorías (2)', 135);
INSERT INTO area (id, nombre, proyecto_id) VALUES (252, 'Desarrollo de Software - Data Warehouse - Consultorías', 135);
INSERT INTO area (id, nombre, proyecto_id) VALUES (253, 'Marketing Digital - Data Warehouse - Consultorías', 135);
INSERT INTO area (id, nombre, proyecto_id) VALUES (254, 'Innovación - Monitoreo APM - Consultorías', 136);
INSERT INTO area (id, nombre, proyecto_id) VALUES (255, 'Seguridad Informática - Monitoreo APM - Consultorías', 136);
INSERT INTO area (id, nombre, proyecto_id) VALUES (256, 'Administración - Monitoreo APM - Consultorías', 136);
INSERT INTO area (id, nombre, proyecto_id) VALUES (257, 'Administración - Sistema de Gestión Documental', 137);
INSERT INTO area (id, nombre, proyecto_id) VALUES (258, 'Comunicaciones - Sistema de Gestión Documental', 137);
INSERT INTO area (id, nombre, proyecto_id) VALUES (259, 'Finanzas - Sistema de Gestión Documental', 137);
INSERT INTO area (id, nombre, proyecto_id) VALUES (260, 'Tesorería - Smart Building', 138);
INSERT INTO area (id, nombre, proyecto_id) VALUES (261, 'Marketing Digital - Smart Building', 138);
INSERT INTO area (id, nombre, proyecto_id) VALUES (262, 'TI - Smart Building', 138);
INSERT INTO area (id, nombre, proyecto_id) VALUES (263, 'Arquitectura de Soluciones - Virtualización de Servidores - Asesorías', 139);
INSERT INTO area (id, nombre, proyecto_id) VALUES (264, 'Soporte Técnico - Renovación de Infraestructura - Asesorías', 140);
INSERT INTO area (id, nombre, proyecto_id) VALUES (265, 'Riesgos - Renovación de Infraestructura - Asesorías', 140);
INSERT INTO area (id, nombre, proyecto_id) VALUES (266, 'Comunicaciones - Reporting Regulatorio', 141);
INSERT INTO area (id, nombre, proyecto_id) VALUES (267, 'Innovación - Reporting Regulatorio', 141);
INSERT INTO area (id, nombre, proyecto_id) VALUES (268, 'Datos y Analítica - Reporting Regulatorio', 141);
INSERT INTO area (id, nombre, proyecto_id) VALUES (269, 'Comunicaciones - Riesgo Crediticio - Colombiana', 142);
INSERT INTO area (id, nombre, proyecto_id) VALUES (270, 'Infraestructura Cloud - Riesgo Crediticio - Colombiana', 142);
INSERT INTO area (id, nombre, proyecto_id) VALUES (271, 'Legal Corporativo - Riesgo Crediticio - Colombiana', 142);
INSERT INTO area (id, nombre, proyecto_id) VALUES (272, 'Recursos Humanos - Riesgo Crediticio - Colombiana', 142);
INSERT INTO area (id, nombre, proyecto_id) VALUES (273, 'Riesgos - SIEM Corporativo - Colombiana', 143);
INSERT INTO area (id, nombre, proyecto_id) VALUES (274, 'Marketing Digital - SIEM Corporativo - Colombiana', 143);
INSERT INTO area (id, nombre, proyecto_id) VALUES (275, 'Finanzas - SIEM Corporativo - Colombiana', 143);
INSERT INTO area (id, nombre, proyecto_id) VALUES (276, 'Contabilidad - Cumplimiento PCI-DSS - Colombiana', 144);
INSERT INTO area (id, nombre, proyecto_id) VALUES (277, 'Gestión de Proyectos - Cumplimiento PCI-DSS - Colombiana', 144);
INSERT INTO area (id, nombre, proyecto_id) VALUES (278, 'Seguridad Informática - Cumplimiento PCI-DSS - Colombiana', 144);
INSERT INTO area (id, nombre, proyecto_id) VALUES (279, 'Gestión de Proyectos - Cumplimiento PCI-DSS - Colombiana (2)', 144);
INSERT INTO area (id, nombre, proyecto_id) VALUES (280, 'Desarrollo de Software - Wifi Corporativo - Colombiana', 145);
INSERT INTO area (id, nombre, proyecto_id) VALUES (281, 'Legal Corporativo - Wifi Corporativo - Colombiana', 145);
INSERT INTO area (id, nombre, proyecto_id) VALUES (282, 'Datos y Analítica - Wifi Corporativo - Colombiana', 145);
INSERT INTO area (id, nombre, proyecto_id) VALUES (283, 'Compras - Wifi Corporativo - Colombiana', 145);
INSERT INTO area (id, nombre, proyecto_id) VALUES (284, 'Cumplimiento - Hardening de Seguridad - Colombiana', 146);
INSERT INTO area (id, nombre, proyecto_id) VALUES (285, 'Administración - Hardening de Seguridad - Colombiana', 146);
INSERT INTO area (id, nombre, proyecto_id) VALUES (286, 'Servicio al Cliente - Hardening de Seguridad - Colombiana', 146);
INSERT INTO area (id, nombre, proyecto_id) VALUES (287, 'Operaciones - SIEM Corporativo - Innovación', 147);
INSERT INTO area (id, nombre, proyecto_id) VALUES (288, 'TI - SIEM Corporativo - Innovación', 147);
INSERT INTO area (id, nombre, proyecto_id) VALUES (289, 'Cumplimiento - SIEM Corporativo - Innovación', 147);
INSERT INTO area (id, nombre, proyecto_id) VALUES (290, 'Innovación - SIEM Corporativo - Innovación', 147);
INSERT INTO area (id, nombre, proyecto_id) VALUES (291, 'Riesgos - Workforce Management - Innovación', 148);
INSERT INTO area (id, nombre, proyecto_id) VALUES (292, 'Auditoría Interna - Workforce Management - Innovación', 148);
INSERT INTO area (id, nombre, proyecto_id) VALUES (293, 'Investigación y Desarrollo - Workforce Management - Innovación', 148);
INSERT INTO area (id, nombre, proyecto_id) VALUES (294, 'Cumplimiento - Workforce Management - Innovación', 148);
INSERT INTO area (id, nombre, proyecto_id) VALUES (295, 'Ventas Regionales - Gestión de Accesos IAM - Innovación', 149);
INSERT INTO area (id, nombre, proyecto_id) VALUES (296, 'Riesgos - Gestión de Accesos IAM - Innovación', 149);
INSERT INTO area (id, nombre, proyecto_id) VALUES (297, 'Cumplimiento - Integración API REST', 150);
INSERT INTO area (id, nombre, proyecto_id) VALUES (298, 'Servicio al Cliente - Integración API REST', 150);
INSERT INTO area (id, nombre, proyecto_id) VALUES (299, 'Compras - Integración API REST', 150);
INSERT INTO area (id, nombre, proyecto_id) VALUES (300, 'Soporte Técnico - Integración API REST', 150);
