-- ============================================================
-- BD USUARIOS - Manejador de Autenticación y Autorización
-- Datos sintéticos generados para contexto Colombia
-- Fecha de generación: 2026-05-15
-- Compatible con PostgreSQL
-- ============================================================

BEGIN;

-- ====== Tabla: usuario ======
INSERT INTO usuario (id, username, contrasena, rol, empresa_id) VALUES (1, 'andrea.cifuentes', '$2b$12$Zc4vlPQGvwy/M1iVSWMZXcbxCIhHAu1LlD24oRmR9LueYNUjfFSFN', 'IngenieroCloud', 24);
INSERT INTO usuario (id, username, contrasena, rol, empresa_id) VALUES (2, 'mariana.cifuentes', '$2b$12$bV9XmYz8d1SU.NWWZGL3XEhhZgsureSTxpqpVRgbTZmHTlUobTDpP', 'IngenieroCloud', 8);
INSERT INTO usuario (id, username, contrasena, rol, empresa_id) VALUES (3, 'valentina.pineda', '$2b$12$uQqJF7HSFWIpAcahU6JJ1gejsktEhvSTUAMMTAL/FKjHen2xscB3w', 'IngenieroCloud', 49);
INSERT INTO usuario (id, username, contrasena, rol, empresa_id) VALUES (4, 'camilo.gonzalez', '$2b$12$nNhipx3NjC1jlUBDM5K.pxRR4m.xXXAVG5ZhzQ2x5FeFT/J2bR1Vk', 'ResponsableSeguridad', 44);
INSERT INTO usuario (id, username, contrasena, rol, empresa_id) VALUES (5, 'daniela.ramos', '$2b$12$G95.tIaUikx5jV/WLX8Ww9xKElYF0iX1k5N/uJ07AfO98SU9yOCDC', 'IngenieroCloud', 17);
INSERT INTO usuario (id, username, contrasena, rol, empresa_id) VALUES (6, 'maria.castro', '$2b$12$NEF2SCRIDYrL5gFf1MIglRdc3iYdMDBawXwNS92M5b8sMSy/UPvJL', 'IngenieroCloud', 42);
INSERT INTO usuario (id, username, contrasena, rol, empresa_id) VALUES (7, 'ricardo.sanchez', '$2b$12$pBQy52kzpakJ3ShgyhITfIrHhukHjSG2GllmezuY/4z9TnCNgEnel', 'IngenieroCloud', 34);
INSERT INTO usuario (id, username, contrasena, rol, empresa_id) VALUES (8, 'sofia.rojas', '$2b$12$jR2M8QEDmeC9a/25ImgQViJfsnbpguCo3T.cCmiUoL1GqNGwCfVLs', 'IngenieroCloud', 36);
INSERT INTO usuario (id, username, contrasena, rol, empresa_id) VALUES (9, 'sandra.linares', '$2b$12$adJvqU2mFoBnxj4Wgp4AN6dj0eQCNCkegK8ZZxt.Vw2oIatXYtO2j', 'ResponsableSeguridad', 48);
INSERT INTO usuario (id, username, contrasena, rol, empresa_id) VALUES (10, 'lina.hernandez', '$2b$12$4KNr8DMyEIYNODhBz0cNNH2.vAgNARQcGdvuQKJnipzIYsxYuUU7q', 'IngenieroCloud', 37);
INSERT INTO usuario (id, username, contrasena, rol, empresa_id) VALUES (11, 'juan.cifuentes', '$2b$12$Q6W3zYkNFlrqYKEk1l9Yk0m2V8NoJksqx1jQ9ZlApHOTwtqdw9638', 'IngenieroCloud', 35);
INSERT INTO usuario (id, username, contrasena, rol, empresa_id) VALUES (12, 'mateo.mendoza', '$2b$12$FSeTHcxFBe549VFFxQIH8tyVpW7JCpsgeOo9bHYKGG6SXfa73WebI', 'IngenieroCloud', 15);
INSERT INTO usuario (id, username, contrasena, rol, empresa_id) VALUES (13, 'ivan.hernandez', '$2b$12$IFfl7EeTj9nX/gCgJBOmDSYTR9gIfoE7VIgBAWbichTTHrPaT9rk6', 'IngenieroCloud', 50);
INSERT INTO usuario (id, username, contrasena, rol, empresa_id) VALUES (14, 'mateo.torres', '$2b$12$32h6T2naCsMsTIZCayOQyLppjM5l3LGJnvfb72K85yKGvLeqz1WtK', 'IngenieroCloud', 32);
INSERT INTO usuario (id, username, contrasena, rol, empresa_id) VALUES (15, 'alejandro.quintero', '$2b$12$07zkra/eAxkyc8RxENntppyXvxRV2c1E76Ylu0WmFj1Frv5z35Yxf', 'IngenieroCloud', 19);
INSERT INTO usuario (id, username, contrasena, rol, empresa_id) VALUES (16, 'esteban.linares', '$2b$12$7/m/eF/fpLndxzcE2xrKBKqRN.oKQmHvEGPQ7uNfzPimjfHieUx2o', 'IngenieroCloud', 43);
INSERT INTO usuario (id, username, contrasena, rol, empresa_id) VALUES (17, 'maria.mendoza', '$2b$12$zms0Z.tS/VLf///WVSRyFoef1PW6ttLJpEXnsxzRbNg3wGCWArYed', 'GerenteFinanciero', 13);
INSERT INTO usuario (id, username, contrasena, rol, empresa_id) VALUES (18, 'sebastian.restrepo', '$2b$12$nxZMS0diUwuk6Mm0hJwAcfH5z0JDwy2WNjfBRSCBVhrymnKhl8cR/', 'IngenieroCloud', 27);
INSERT INTO usuario (id, username, contrasena, rol, empresa_id) VALUES (19, 'gabriela.gomez', '$2b$12$PDMJnU29kjLvULRBvjnhRC6MpF339y5HF0HXPX8Yf7aQFomrEYJCd', 'IngenieroCloud', 48);
INSERT INTO usuario (id, username, contrasena, rol, empresa_id) VALUES (20, 'claudia.linares', '$2b$12$DyxRlBD/F3YkIzSWvHcaQdUrSwOK4JUjXEMINUoJNnp.B3jR2vpDo', 'IngenieroCloud', 14);
INSERT INTO usuario (id, username, contrasena, rol, empresa_id) VALUES (21, 'alejandro.cifuentes', '$2b$12$lIrWB6lou9D4BLeEJIG67Iw3lcFTIeZtDSfPIzsdnT7rgtNV3jUYu', 'ResponsableSeguridad', 14);
INSERT INTO usuario (id, username, contrasena, rol, empresa_id) VALUES (22, 'jorge.gutierrez', '$2b$12$a/J5Q/T6tWVwkLPxUjAgwGiU1pJNtaTuz2OGqOD2f/via2942Nxh7', 'ResponsableSeguridad', 12);
INSERT INTO usuario (id, username, contrasena, rol, empresa_id) VALUES (23, 'sofia.castro', '$2b$12$gS4JTxlLnmVXPoTWOw7I.BD5LY1kYWIgaV5ZnSsfm8pYD9jz96geG', 'IngenieroCloud', 1);
INSERT INTO usuario (id, username, contrasena, rol, empresa_id) VALUES (24, 'hernan.suarez', '$2b$12$x4Y3OJEtjqx3CZXe48coDQjUGK7PnpVWCGpol6C8NGPrC2AsHLV.y', 'IngenieroCloud', 12);
INSERT INTO usuario (id, username, contrasena, rol, empresa_id) VALUES (25, 'cristian.martinez', '$2b$12$I1SXfh3XGiFEYras9FCME.i/uNL8N/i3qBaOw18XBtv7RiKXazJrX', 'IngenieroCloud', 20);
INSERT INTO usuario (id, username, contrasena, rol, empresa_id) VALUES (26, 'alejandro.ramirez', '$2b$12$Vm.TIcXniyUuxnXQF7hnjI/QN9nhi4oqaOFY1.LPnoi8C.Zv68nT7', 'GerenteFinanciero', 14);
INSERT INTO usuario (id, username, contrasena, rol, empresa_id) VALUES (27, 'sofia.ramirez', '$2b$12$7UE3LSYjvuKF/by4ob0fEnWyUAxmaaNtqYO06EQIT4VKisaufQri6', 'GerenteFinanciero', 32);
INSERT INTO usuario (id, username, contrasena, rol, empresa_id) VALUES (28, 'camila.hernandez', '$2b$12$qaUKJqDsyUBH9zpK5v6bPU/gFnxbnBVHybFqW2jraygvrp57cbmbH', 'ResponsableSeguridad', 48);
INSERT INTO usuario (id, username, contrasena, rol, empresa_id) VALUES (29, 'tatiana.rojas', '$2b$12$i5haWDyf7fo9rAAi0eWG4Z.bJQhEFcstRQG3a/6B7C7pSPt0pdnPr', 'GerenteFinanciero', 23);
INSERT INTO usuario (id, username, contrasena, rol, empresa_id) VALUES (30, 'juliana.sanchez', '$2b$12$aZY6kjtHwzh1Vbfj07H0bv4qHliO66nUUo/4M1iKnrTh/fM/ZF3sD', 'GerenteFinanciero', 48);
INSERT INTO usuario (id, username, contrasena, rol, empresa_id) VALUES (31, 'claudia.torres', '$2b$12$IS80MolAIB/hKrgIifFpcS6X5xAeb8/Dcz/16903QSRhZiDhHnde4', 'IngenieroCloud', 23);
INSERT INTO usuario (id, username, contrasena, rol, empresa_id) VALUES (32, 'fabian.hernandez', '$2b$12$bInozGH.Zba4FMh5/8Q7uHQauRul3Zbjf8o0oW0j5o1Gv/ZlhbhZy', 'IngenieroCloud', 15);
INSERT INTO usuario (id, username, contrasena, rol, empresa_id) VALUES (33, 'diego.hernandez', '$2b$12$v4MTpJS./Yc6SD./QPwYv5WBEcoOM55U6icd7TaI2YHPdrqvWl3V6', 'IngenieroCloud', 25);
INSERT INTO usuario (id, username, contrasena, rol, empresa_id) VALUES (34, 'santiago.cifuentes', '$2b$12$jTD.onVatAZyPWjIdYHXjIVQnvLM4Y76wCfQVVK6tHtYRedbCH2bg', 'ResponsableSeguridad', 25);
INSERT INTO usuario (id, username, contrasena, rol, empresa_id) VALUES (35, 'valentina.torres', '$2b$12$1lh.7QvcGYbjgyPa8aS7j6O3OPIjjOyxIIo6AlxtJbJyVpJEFCidR', 'GerenteFinanciero', 3);
INSERT INTO usuario (id, username, contrasena, rol, empresa_id) VALUES (36, 'camila.ortiz', '$2b$12$.buuYGmyHFtEAq8ctzoY.W9w9nBJPYGrh.yIDwQUe6AFFp9Mvu3H/', 'IngenieroCloud', 35);
INSERT INTO usuario (id, username, contrasena, rol, empresa_id) VALUES (37, 'fabian.pineda', '$2b$12$072PUy01qIfROpZMgR44T/Oo6TEQpcCZ1gNnyEwiEOY2IQuSS4sg7', 'IngenieroCloud', 1);
INSERT INTO usuario (id, username, contrasena, rol, empresa_id) VALUES (38, 'sebastian.mendoza', '$2b$12$zihXpLS3FNdvC5fWLcTBu4rnE7oc4vX.EmvURCa4MLSOrJ.731eIw', 'ResponsableSeguridad', 39);
INSERT INTO usuario (id, username, contrasena, rol, empresa_id) VALUES (39, 'daniel.rincon', '$2b$12$/QY3q.YmVRlk3cruA56kmSppZKUtGWKsYo9C.ZljcAsxNmJbfZHp3', 'ResponsableSeguridad', 31);
INSERT INTO usuario (id, username, contrasena, rol, empresa_id) VALUES (40, 'mauricio.rincon', '$2b$12$XqsA8.WioJvsmG7vG.JAOOxxcU0VymSaY9oj4oAPYNmvkKGMESFdB', 'ResponsableSeguridad', 26);
INSERT INTO usuario (id, username, contrasena, rol, empresa_id) VALUES (41, 'adriana.cifuentes', '$2b$12$AplRsPaQVaRd9ncMq6fGGjeVDXNhMBbm3AIIroL6YR.euqiZhetLN', 'IngenieroCloud', 27);
INSERT INTO usuario (id, username, contrasena, rol, empresa_id) VALUES (42, 'carolina.ortiz', '$2b$12$QJQ1of1hoZ8j5DbUrv1/NVwAKziq2tTrre6/5zLKBQOG/elT2.wag', 'GerenteFinanciero', 8);
INSERT INTO usuario (id, username, contrasena, rol, empresa_id) VALUES (43, 'ximena.mendoza', '$2b$12$ePTnk/yeIWzgArzdSIa.9kEWVfU3zryHn5qq14OPc5ouUPEF7p68Z', 'IngenieroCloud', 43);
INSERT INTO usuario (id, username, contrasena, rol, empresa_id) VALUES (44, 'felipe.cifuentes', '$2b$12$ViJ6QFYmncgedDYE5rRu/lVlH7IKdyDurttMnRwFau2xW2yoSIheI', 'IngenieroCloud', 16);
INSERT INTO usuario (id, username, contrasena, rol, empresa_id) VALUES (45, 'camilo.pineda', '$2b$12$9rpfLbpHvae78WlXjvpKy2m10Keud4TLuwus3RqnpUZmPT61yaEF9', 'IngenieroCloud', 7);
INSERT INTO usuario (id, username, contrasena, rol, empresa_id) VALUES (46, 'paula.mendoza', '$2b$12$pfhN2KHZu0ajKpylPsoqkbu2lwwP0KHiIpPDT47IVcikkd0Lf53s2', 'IngenieroCloud', 41);
INSERT INTO usuario (id, username, contrasena, rol, empresa_id) VALUES (47, 'paola.alvarez', '$2b$12$Giuns2dn1MyjBiI78A9nekK93YNzcRL7Davkt0uyh9z3KpzTsLohI', 'IngenieroCloud', 24);
INSERT INTO usuario (id, username, contrasena, rol, empresa_id) VALUES (48, 'paola.vargas', '$2b$12$EWa8.JsvCt1BJY3ct/QN6UNC4zlOI3KOxcCVa0fDOumAm3DdIs5QO', 'ResponsableSeguridad', 31);
INSERT INTO usuario (id, username, contrasena, rol, empresa_id) VALUES (49, 'ximena.lopez', '$2b$12$Rhk705berMwGTuU2IDJ4VRaFttkXw2kLStWTU/4ocwGvQHOhmqcmX', 'GerenteFinanciero', 49);
INSERT INTO usuario (id, username, contrasena, rol, empresa_id) VALUES (50, 'daniela.quintero', '$2b$12$aeySZsjOXiq.5G9JD0Kb81/E6.Zk8k5iwGmEvwOvGBKhTLGr2cNGL', 'ResponsableSeguridad', 46);

-- ====== Tabla: usuario_permiso ======
INSERT INTO usuario_permiso (usuario_id, permiso) VALUES (1, 'deploy_infra');
INSERT INTO usuario_permiso (usuario_id, permiso) VALUES (1, 'view_costs');
INSERT INTO usuario_permiso (usuario_id, permiso) VALUES (2, 'deploy_infra');
INSERT INTO usuario_permiso (usuario_id, permiso) VALUES (2, 'view_reports');
INSERT INTO usuario_permiso (usuario_id, permiso) VALUES (2, 'edit_budget');
INSERT INTO usuario_permiso (usuario_id, permiso) VALUES (2, 'manage_users');
INSERT INTO usuario_permiso (usuario_id, permiso) VALUES (2, 'view_costs');
INSERT INTO usuario_permiso (usuario_id, permiso) VALUES (3, 'deploy_infra');
INSERT INTO usuario_permiso (usuario_id, permiso) VALUES (3, 'manage_users');
INSERT INTO usuario_permiso (usuario_id, permiso) VALUES (4, 'audit_logs');
INSERT INTO usuario_permiso (usuario_id, permiso) VALUES (4, 'manage_users');
INSERT INTO usuario_permiso (usuario_id, permiso) VALUES (5, 'deploy_infra');
INSERT INTO usuario_permiso (usuario_id, permiso) VALUES (5, 'view_reports');
INSERT INTO usuario_permiso (usuario_id, permiso) VALUES (6, 'deploy_infra');
INSERT INTO usuario_permiso (usuario_id, permiso) VALUES (6, 'edit_budget');
INSERT INTO usuario_permiso (usuario_id, permiso) VALUES (6, 'audit_logs');
INSERT INTO usuario_permiso (usuario_id, permiso) VALUES (7, 'deploy_infra');
INSERT INTO usuario_permiso (usuario_id, permiso) VALUES (7, 'manage_users');
INSERT INTO usuario_permiso (usuario_id, permiso) VALUES (8, 'deploy_infra');
INSERT INTO usuario_permiso (usuario_id, permiso) VALUES (8, 'view_costs');
INSERT INTO usuario_permiso (usuario_id, permiso) VALUES (9, 'audit_logs');
INSERT INTO usuario_permiso (usuario_id, permiso) VALUES (9, 'manage_users');
INSERT INTO usuario_permiso (usuario_id, permiso) VALUES (9, 'edit_budget');
INSERT INTO usuario_permiso (usuario_id, permiso) VALUES (9, 'view_costs');
INSERT INTO usuario_permiso (usuario_id, permiso) VALUES (9, 'view_reports');
INSERT INTO usuario_permiso (usuario_id, permiso) VALUES (10, 'deploy_infra');
INSERT INTO usuario_permiso (usuario_id, permiso) VALUES (10, 'edit_budget');
INSERT INTO usuario_permiso (usuario_id, permiso) VALUES (10, 'view_reports');
INSERT INTO usuario_permiso (usuario_id, permiso) VALUES (11, 'deploy_infra');
INSERT INTO usuario_permiso (usuario_id, permiso) VALUES (11, 'view_reports');
INSERT INTO usuario_permiso (usuario_id, permiso) VALUES (12, 'deploy_infra');
INSERT INTO usuario_permiso (usuario_id, permiso) VALUES (12, 'manage_users');
INSERT INTO usuario_permiso (usuario_id, permiso) VALUES (13, 'deploy_infra');
INSERT INTO usuario_permiso (usuario_id, permiso) VALUES (13, 'manage_users');
INSERT INTO usuario_permiso (usuario_id, permiso) VALUES (13, 'audit_logs');
INSERT INTO usuario_permiso (usuario_id, permiso) VALUES (14, 'deploy_infra');
INSERT INTO usuario_permiso (usuario_id, permiso) VALUES (14, 'view_reports');
INSERT INTO usuario_permiso (usuario_id, permiso) VALUES (14, 'audit_logs');
INSERT INTO usuario_permiso (usuario_id, permiso) VALUES (15, 'deploy_infra');
INSERT INTO usuario_permiso (usuario_id, permiso) VALUES (15, 'view_reports');
INSERT INTO usuario_permiso (usuario_id, permiso) VALUES (15, 'edit_budget');
INSERT INTO usuario_permiso (usuario_id, permiso) VALUES (15, 'audit_logs');
INSERT INTO usuario_permiso (usuario_id, permiso) VALUES (15, 'manage_users');
INSERT INTO usuario_permiso (usuario_id, permiso) VALUES (16, 'deploy_infra');
INSERT INTO usuario_permiso (usuario_id, permiso) VALUES (16, 'audit_logs');
INSERT INTO usuario_permiso (usuario_id, permiso) VALUES (16, 'manage_users');
INSERT INTO usuario_permiso (usuario_id, permiso) VALUES (16, 'view_costs');
INSERT INTO usuario_permiso (usuario_id, permiso) VALUES (17, 'view_reports');
INSERT INTO usuario_permiso (usuario_id, permiso) VALUES (17, 'edit_budget');
INSERT INTO usuario_permiso (usuario_id, permiso) VALUES (17, 'audit_logs');
INSERT INTO usuario_permiso (usuario_id, permiso) VALUES (17, 'manage_users');
INSERT INTO usuario_permiso (usuario_id, permiso) VALUES (18, 'deploy_infra');
INSERT INTO usuario_permiso (usuario_id, permiso) VALUES (18, 'view_costs');
INSERT INTO usuario_permiso (usuario_id, permiso) VALUES (18, 'audit_logs');
INSERT INTO usuario_permiso (usuario_id, permiso) VALUES (18, 'manage_users');
INSERT INTO usuario_permiso (usuario_id, permiso) VALUES (19, 'deploy_infra');
INSERT INTO usuario_permiso (usuario_id, permiso) VALUES (19, 'view_reports');
INSERT INTO usuario_permiso (usuario_id, permiso) VALUES (20, 'deploy_infra');
INSERT INTO usuario_permiso (usuario_id, permiso) VALUES (20, 'audit_logs');
INSERT INTO usuario_permiso (usuario_id, permiso) VALUES (20, 'edit_budget');
INSERT INTO usuario_permiso (usuario_id, permiso) VALUES (21, 'audit_logs');
INSERT INTO usuario_permiso (usuario_id, permiso) VALUES (21, 'manage_users');
INSERT INTO usuario_permiso (usuario_id, permiso) VALUES (22, 'audit_logs');
INSERT INTO usuario_permiso (usuario_id, permiso) VALUES (22, 'manage_users');
INSERT INTO usuario_permiso (usuario_id, permiso) VALUES (22, 'view_reports');
INSERT INTO usuario_permiso (usuario_id, permiso) VALUES (23, 'deploy_infra');
INSERT INTO usuario_permiso (usuario_id, permiso) VALUES (23, 'audit_logs');
INSERT INTO usuario_permiso (usuario_id, permiso) VALUES (23, 'edit_budget');
INSERT INTO usuario_permiso (usuario_id, permiso) VALUES (23, 'view_reports');
INSERT INTO usuario_permiso (usuario_id, permiso) VALUES (24, 'deploy_infra');
INSERT INTO usuario_permiso (usuario_id, permiso) VALUES (24, 'view_reports');
INSERT INTO usuario_permiso (usuario_id, permiso) VALUES (24, 'audit_logs');
INSERT INTO usuario_permiso (usuario_id, permiso) VALUES (25, 'deploy_infra');
INSERT INTO usuario_permiso (usuario_id, permiso) VALUES (25, 'edit_budget');
INSERT INTO usuario_permiso (usuario_id, permiso) VALUES (26, 'view_reports');
INSERT INTO usuario_permiso (usuario_id, permiso) VALUES (26, 'edit_budget');
INSERT INTO usuario_permiso (usuario_id, permiso) VALUES (26, 'audit_logs');
INSERT INTO usuario_permiso (usuario_id, permiso) VALUES (26, 'deploy_infra');
INSERT INTO usuario_permiso (usuario_id, permiso) VALUES (27, 'view_reports');
INSERT INTO usuario_permiso (usuario_id, permiso) VALUES (27, 'edit_budget');
INSERT INTO usuario_permiso (usuario_id, permiso) VALUES (27, 'deploy_infra');
INSERT INTO usuario_permiso (usuario_id, permiso) VALUES (27, 'view_costs');
INSERT INTO usuario_permiso (usuario_id, permiso) VALUES (28, 'audit_logs');
INSERT INTO usuario_permiso (usuario_id, permiso) VALUES (28, 'manage_users');
INSERT INTO usuario_permiso (usuario_id, permiso) VALUES (28, 'edit_budget');
INSERT INTO usuario_permiso (usuario_id, permiso) VALUES (28, 'view_costs');
INSERT INTO usuario_permiso (usuario_id, permiso) VALUES (29, 'view_reports');
INSERT INTO usuario_permiso (usuario_id, permiso) VALUES (29, 'edit_budget');
INSERT INTO usuario_permiso (usuario_id, permiso) VALUES (30, 'view_reports');
INSERT INTO usuario_permiso (usuario_id, permiso) VALUES (30, 'edit_budget');
INSERT INTO usuario_permiso (usuario_id, permiso) VALUES (30, 'view_costs');
INSERT INTO usuario_permiso (usuario_id, permiso) VALUES (31, 'deploy_infra');
INSERT INTO usuario_permiso (usuario_id, permiso) VALUES (31, 'edit_budget');
INSERT INTO usuario_permiso (usuario_id, permiso) VALUES (31, 'view_reports');
INSERT INTO usuario_permiso (usuario_id, permiso) VALUES (31, 'audit_logs');
INSERT INTO usuario_permiso (usuario_id, permiso) VALUES (32, 'deploy_infra');
INSERT INTO usuario_permiso (usuario_id, permiso) VALUES (32, 'manage_users');
INSERT INTO usuario_permiso (usuario_id, permiso) VALUES (32, 'audit_logs');
INSERT INTO usuario_permiso (usuario_id, permiso) VALUES (33, 'deploy_infra');
INSERT INTO usuario_permiso (usuario_id, permiso) VALUES (33, 'audit_logs');
INSERT INTO usuario_permiso (usuario_id, permiso) VALUES (33, 'manage_users');
INSERT INTO usuario_permiso (usuario_id, permiso) VALUES (33, 'edit_budget');
INSERT INTO usuario_permiso (usuario_id, permiso) VALUES (33, 'view_costs');
INSERT INTO usuario_permiso (usuario_id, permiso) VALUES (34, 'audit_logs');
INSERT INTO usuario_permiso (usuario_id, permiso) VALUES (34, 'manage_users');
INSERT INTO usuario_permiso (usuario_id, permiso) VALUES (34, 'edit_budget');
INSERT INTO usuario_permiso (usuario_id, permiso) VALUES (35, 'view_reports');
INSERT INTO usuario_permiso (usuario_id, permiso) VALUES (35, 'edit_budget');
INSERT INTO usuario_permiso (usuario_id, permiso) VALUES (35, 'deploy_infra');
INSERT INTO usuario_permiso (usuario_id, permiso) VALUES (35, 'view_costs');
INSERT INTO usuario_permiso (usuario_id, permiso) VALUES (36, 'deploy_infra');
INSERT INTO usuario_permiso (usuario_id, permiso) VALUES (36, 'audit_logs');
INSERT INTO usuario_permiso (usuario_id, permiso) VALUES (37, 'deploy_infra');
INSERT INTO usuario_permiso (usuario_id, permiso) VALUES (37, 'view_reports');
INSERT INTO usuario_permiso (usuario_id, permiso) VALUES (37, 'audit_logs');
INSERT INTO usuario_permiso (usuario_id, permiso) VALUES (37, 'view_costs');
INSERT INTO usuario_permiso (usuario_id, permiso) VALUES (38, 'audit_logs');
INSERT INTO usuario_permiso (usuario_id, permiso) VALUES (38, 'manage_users');
INSERT INTO usuario_permiso (usuario_id, permiso) VALUES (39, 'audit_logs');
INSERT INTO usuario_permiso (usuario_id, permiso) VALUES (39, 'manage_users');
INSERT INTO usuario_permiso (usuario_id, permiso) VALUES (39, 'view_reports');
INSERT INTO usuario_permiso (usuario_id, permiso) VALUES (40, 'audit_logs');
INSERT INTO usuario_permiso (usuario_id, permiso) VALUES (40, 'manage_users');
INSERT INTO usuario_permiso (usuario_id, permiso) VALUES (40, 'view_costs');
INSERT INTO usuario_permiso (usuario_id, permiso) VALUES (40, 'deploy_infra');
INSERT INTO usuario_permiso (usuario_id, permiso) VALUES (40, 'edit_budget');
INSERT INTO usuario_permiso (usuario_id, permiso) VALUES (41, 'deploy_infra');
INSERT INTO usuario_permiso (usuario_id, permiso) VALUES (41, 'view_reports');
INSERT INTO usuario_permiso (usuario_id, permiso) VALUES (41, 'view_costs');
INSERT INTO usuario_permiso (usuario_id, permiso) VALUES (41, 'edit_budget');
INSERT INTO usuario_permiso (usuario_id, permiso) VALUES (41, 'audit_logs');
INSERT INTO usuario_permiso (usuario_id, permiso) VALUES (42, 'view_reports');
INSERT INTO usuario_permiso (usuario_id, permiso) VALUES (42, 'edit_budget');
INSERT INTO usuario_permiso (usuario_id, permiso) VALUES (43, 'deploy_infra');
INSERT INTO usuario_permiso (usuario_id, permiso) VALUES (43, 'audit_logs');
INSERT INTO usuario_permiso (usuario_id, permiso) VALUES (43, 'view_costs');
INSERT INTO usuario_permiso (usuario_id, permiso) VALUES (44, 'deploy_infra');
INSERT INTO usuario_permiso (usuario_id, permiso) VALUES (44, 'manage_users');
INSERT INTO usuario_permiso (usuario_id, permiso) VALUES (44, 'audit_logs');
INSERT INTO usuario_permiso (usuario_id, permiso) VALUES (45, 'deploy_infra');
INSERT INTO usuario_permiso (usuario_id, permiso) VALUES (45, 'edit_budget');
INSERT INTO usuario_permiso (usuario_id, permiso) VALUES (45, 'audit_logs');
INSERT INTO usuario_permiso (usuario_id, permiso) VALUES (46, 'deploy_infra');
INSERT INTO usuario_permiso (usuario_id, permiso) VALUES (46, 'view_costs');
INSERT INTO usuario_permiso (usuario_id, permiso) VALUES (46, 'audit_logs');
INSERT INTO usuario_permiso (usuario_id, permiso) VALUES (46, 'view_reports');
INSERT INTO usuario_permiso (usuario_id, permiso) VALUES (46, 'edit_budget');
INSERT INTO usuario_permiso (usuario_id, permiso) VALUES (47, 'deploy_infra');
INSERT INTO usuario_permiso (usuario_id, permiso) VALUES (47, 'audit_logs');
INSERT INTO usuario_permiso (usuario_id, permiso) VALUES (47, 'manage_users');
INSERT INTO usuario_permiso (usuario_id, permiso) VALUES (47, 'edit_budget');
INSERT INTO usuario_permiso (usuario_id, permiso) VALUES (48, 'audit_logs');
INSERT INTO usuario_permiso (usuario_id, permiso) VALUES (48, 'manage_users');
INSERT INTO usuario_permiso (usuario_id, permiso) VALUES (49, 'view_reports');
INSERT INTO usuario_permiso (usuario_id, permiso) VALUES (49, 'edit_budget');
INSERT INTO usuario_permiso (usuario_id, permiso) VALUES (49, 'deploy_infra');
INSERT INTO usuario_permiso (usuario_id, permiso) VALUES (49, 'manage_users');
INSERT INTO usuario_permiso (usuario_id, permiso) VALUES (50, 'audit_logs');
INSERT INTO usuario_permiso (usuario_id, permiso) VALUES (50, 'manage_users');
INSERT INTO usuario_permiso (usuario_id, permiso) VALUES (50, 'deploy_infra');
INSERT INTO usuario_permiso (usuario_id, permiso) VALUES (50, 'view_reports');
INSERT INTO usuario_permiso (usuario_id, permiso) VALUES (50, 'edit_budget');

-- ====== Tabla: usuario_area ======
INSERT INTO usuario_area (usuario_id, area_id) VALUES (1, 33);
INSERT INTO usuario_area (usuario_id, area_id) VALUES (1, 20);
INSERT INTO usuario_area (usuario_id, area_id) VALUES (1, 7);
INSERT INTO usuario_area (usuario_id, area_id) VALUES (2, 11);
INSERT INTO usuario_area (usuario_id, area_id) VALUES (3, 49);
INSERT INTO usuario_area (usuario_id, area_id) VALUES (3, 18);
INSERT INTO usuario_area (usuario_id, area_id) VALUES (4, 36);
INSERT INTO usuario_area (usuario_id, area_id) VALUES (4, 63);
INSERT INTO usuario_area (usuario_id, area_id) VALUES (5, 69);
INSERT INTO usuario_area (usuario_id, area_id) VALUES (5, 71);
INSERT INTO usuario_area (usuario_id, area_id) VALUES (5, 34);
INSERT INTO usuario_area (usuario_id, area_id) VALUES (6, 15);
INSERT INTO usuario_area (usuario_id, area_id) VALUES (6, 34);
INSERT INTO usuario_area (usuario_id, area_id) VALUES (6, 20);
INSERT INTO usuario_area (usuario_id, area_id) VALUES (7, 19);
INSERT INTO usuario_area (usuario_id, area_id) VALUES (7, 89);
INSERT INTO usuario_area (usuario_id, area_id) VALUES (8, 84);
INSERT INTO usuario_area (usuario_id, area_id) VALUES (8, 93);
INSERT INTO usuario_area (usuario_id, area_id) VALUES (8, 32);
INSERT INTO usuario_area (usuario_id, area_id) VALUES (9, 85);
INSERT INTO usuario_area (usuario_id, area_id) VALUES (10, 90);
INSERT INTO usuario_area (usuario_id, area_id) VALUES (10, 29);
INSERT INTO usuario_area (usuario_id, area_id) VALUES (10, 27);
INSERT INTO usuario_area (usuario_id, area_id) VALUES (11, 67);
INSERT INTO usuario_area (usuario_id, area_id) VALUES (11, 23);
INSERT INTO usuario_area (usuario_id, area_id) VALUES (12, 35);
INSERT INTO usuario_area (usuario_id, area_id) VALUES (12, 71);
INSERT INTO usuario_area (usuario_id, area_id) VALUES (13, 20);
INSERT INTO usuario_area (usuario_id, area_id) VALUES (13, 66);
INSERT INTO usuario_area (usuario_id, area_id) VALUES (14, 77);
INSERT INTO usuario_area (usuario_id, area_id) VALUES (14, 67);
INSERT INTO usuario_area (usuario_id, area_id) VALUES (15, 58);
INSERT INTO usuario_area (usuario_id, area_id) VALUES (15, 1);
INSERT INTO usuario_area (usuario_id, area_id) VALUES (15, 41);
INSERT INTO usuario_area (usuario_id, area_id) VALUES (16, 59);
INSERT INTO usuario_area (usuario_id, area_id) VALUES (16, 3);
INSERT INTO usuario_area (usuario_id, area_id) VALUES (17, 62);
INSERT INTO usuario_area (usuario_id, area_id) VALUES (17, 98);
INSERT INTO usuario_area (usuario_id, area_id) VALUES (17, 84);
INSERT INTO usuario_area (usuario_id, area_id) VALUES (18, 64);
INSERT INTO usuario_area (usuario_id, area_id) VALUES (18, 1);
INSERT INTO usuario_area (usuario_id, area_id) VALUES (19, 97);
INSERT INTO usuario_area (usuario_id, area_id) VALUES (20, 92);
INSERT INTO usuario_area (usuario_id, area_id) VALUES (20, 48);
INSERT INTO usuario_area (usuario_id, area_id) VALUES (21, 16);
INSERT INTO usuario_area (usuario_id, area_id) VALUES (21, 17);
INSERT INTO usuario_area (usuario_id, area_id) VALUES (22, 9);
INSERT INTO usuario_area (usuario_id, area_id) VALUES (22, 85);
INSERT INTO usuario_area (usuario_id, area_id) VALUES (22, 31);
INSERT INTO usuario_area (usuario_id, area_id) VALUES (23, 73);
INSERT INTO usuario_area (usuario_id, area_id) VALUES (23, 65);
INSERT INTO usuario_area (usuario_id, area_id) VALUES (24, 88);
INSERT INTO usuario_area (usuario_id, area_id) VALUES (24, 90);
INSERT INTO usuario_area (usuario_id, area_id) VALUES (25, 12);
INSERT INTO usuario_area (usuario_id, area_id) VALUES (25, 75);
INSERT INTO usuario_area (usuario_id, area_id) VALUES (25, 96);
INSERT INTO usuario_area (usuario_id, area_id) VALUES (26, 9);
INSERT INTO usuario_area (usuario_id, area_id) VALUES (26, 62);
INSERT INTO usuario_area (usuario_id, area_id) VALUES (27, 47);
INSERT INTO usuario_area (usuario_id, area_id) VALUES (27, 9);
INSERT INTO usuario_area (usuario_id, area_id) VALUES (28, 91);
INSERT INTO usuario_area (usuario_id, area_id) VALUES (28, 89);
INSERT INTO usuario_area (usuario_id, area_id) VALUES (29, 90);
INSERT INTO usuario_area (usuario_id, area_id) VALUES (30, 24);
INSERT INTO usuario_area (usuario_id, area_id) VALUES (30, 3);
INSERT INTO usuario_area (usuario_id, area_id) VALUES (31, 12);
INSERT INTO usuario_area (usuario_id, area_id) VALUES (32, 76);
INSERT INTO usuario_area (usuario_id, area_id) VALUES (32, 7);
INSERT INTO usuario_area (usuario_id, area_id) VALUES (32, 97);
INSERT INTO usuario_area (usuario_id, area_id) VALUES (33, 74);
INSERT INTO usuario_area (usuario_id, area_id) VALUES (33, 35);
INSERT INTO usuario_area (usuario_id, area_id) VALUES (34, 86);
INSERT INTO usuario_area (usuario_id, area_id) VALUES (34, 21);
INSERT INTO usuario_area (usuario_id, area_id) VALUES (34, 77);
INSERT INTO usuario_area (usuario_id, area_id) VALUES (35, 15);
INSERT INTO usuario_area (usuario_id, area_id) VALUES (36, 1);
INSERT INTO usuario_area (usuario_id, area_id) VALUES (36, 21);
INSERT INTO usuario_area (usuario_id, area_id) VALUES (37, 17);
INSERT INTO usuario_area (usuario_id, area_id) VALUES (37, 91);
INSERT INTO usuario_area (usuario_id, area_id) VALUES (37, 2);
INSERT INTO usuario_area (usuario_id, area_id) VALUES (38, 21);
INSERT INTO usuario_area (usuario_id, area_id) VALUES (39, 86);
INSERT INTO usuario_area (usuario_id, area_id) VALUES (40, 69);
INSERT INTO usuario_area (usuario_id, area_id) VALUES (41, 70);
INSERT INTO usuario_area (usuario_id, area_id) VALUES (41, 27);
INSERT INTO usuario_area (usuario_id, area_id) VALUES (41, 94);
INSERT INTO usuario_area (usuario_id, area_id) VALUES (42, 39);
INSERT INTO usuario_area (usuario_id, area_id) VALUES (43, 52);
INSERT INTO usuario_area (usuario_id, area_id) VALUES (43, 50);
INSERT INTO usuario_area (usuario_id, area_id) VALUES (44, 10);
INSERT INTO usuario_area (usuario_id, area_id) VALUES (44, 4);
INSERT INTO usuario_area (usuario_id, area_id) VALUES (44, 39);
INSERT INTO usuario_area (usuario_id, area_id) VALUES (45, 72);
INSERT INTO usuario_area (usuario_id, area_id) VALUES (45, 14);
INSERT INTO usuario_area (usuario_id, area_id) VALUES (46, 95);
INSERT INTO usuario_area (usuario_id, area_id) VALUES (46, 55);
INSERT INTO usuario_area (usuario_id, area_id) VALUES (46, 94);
INSERT INTO usuario_area (usuario_id, area_id) VALUES (47, 100);
INSERT INTO usuario_area (usuario_id, area_id) VALUES (47, 62);
INSERT INTO usuario_area (usuario_id, area_id) VALUES (47, 96);
INSERT INTO usuario_area (usuario_id, area_id) VALUES (48, 69);
INSERT INTO usuario_area (usuario_id, area_id) VALUES (48, 51);
INSERT INTO usuario_area (usuario_id, area_id) VALUES (48, 17);
INSERT INTO usuario_area (usuario_id, area_id) VALUES (49, 6);
INSERT INTO usuario_area (usuario_id, area_id) VALUES (49, 87);
INSERT INTO usuario_area (usuario_id, area_id) VALUES (50, 28);
INSERT INTO usuario_area (usuario_id, area_id) VALUES (50, 43);

-- ====== Tabla: acceso ======
INSERT INTO acceso (id, usuario_id, ip, exitoso, fecha) VALUES ('acc-001', 12, 3232235609, TRUE, '2026-04-09 04:22:51.142');
INSERT INTO acceso (id, usuario_id, ip, exitoso, fecha) VALUES ('acc-002', 1, 168291128, TRUE, '2026-04-10 09:26:25.378');
INSERT INTO acceso (id, usuario_id, ip, exitoso, fecha) VALUES ('acc-003', 12, 168412565, TRUE, '2025-12-10 18:47:23.072');
INSERT INTO acceso (id, usuario_id, ip, exitoso, fecha) VALUES ('acc-004', 26, 3232237343, TRUE, '2026-03-10 20:36:11.620');
INSERT INTO acceso (id, usuario_id, ip, exitoso, fecha) VALUES ('acc-005', 25, 167898771, TRUE, '2026-01-02 12:58:31.138');
INSERT INTO acceso (id, usuario_id, ip, exitoso, fecha) VALUES ('acc-006', 27, 169249761, TRUE, '2025-11-16 22:28:29.364');
INSERT INTO acceso (id, usuario_id, ip, exitoso, fecha) VALUES ('acc-007', 27, 3232239294, TRUE, '2026-03-27 21:16:54.152');
INSERT INTO acceso (id, usuario_id, ip, exitoso, fecha) VALUES ('acc-008', 21, 3232239854, TRUE, '2025-12-03 00:50:19.867');
INSERT INTO acceso (id, usuario_id, ip, exitoso, fecha) VALUES ('acc-009', 47, 3232236730, TRUE, '2026-01-12 15:24:54.088');
INSERT INTO acceso (id, usuario_id, ip, exitoso, fecha) VALUES ('acc-010', 32, 169427815, TRUE, '2026-04-07 09:27:41.948');
INSERT INTO acceso (id, usuario_id, ip, exitoso, fecha) VALUES ('acc-011', 40, 3232237803, TRUE, '2026-03-10 12:42:06.626');
INSERT INTO acceso (id, usuario_id, ip, exitoso, fecha) VALUES ('acc-012', 24, 3232239693, TRUE, '2025-12-10 15:12:38.472');
INSERT INTO acceso (id, usuario_id, ip, exitoso, fecha) VALUES ('acc-013', 21, 3232236891, TRUE, '2026-02-04 19:13:29.733');
INSERT INTO acceso (id, usuario_id, ip, exitoso, fecha) VALUES ('acc-014', 32, 168268061, TRUE, '2025-12-06 23:52:30.114');
INSERT INTO acceso (id, usuario_id, ip, exitoso, fecha) VALUES ('acc-015', 13, 168580046, TRUE, '2025-12-19 14:22:46.055');
INSERT INTO acceso (id, usuario_id, ip, exitoso, fecha) VALUES ('acc-016', NULL, 3232237967, FALSE, '2026-01-23 13:22:55.381');
INSERT INTO acceso (id, usuario_id, ip, exitoso, fecha) VALUES ('acc-017', 47, 3232237087, TRUE, '2026-04-24 06:57:40.650');
INSERT INTO acceso (id, usuario_id, ip, exitoso, fecha) VALUES ('acc-018', 38, 168494713, TRUE, '2025-12-18 09:13:30.999');
INSERT INTO acceso (id, usuario_id, ip, exitoso, fecha) VALUES ('acc-019', 10, 3232240882, TRUE, '2026-04-14 15:09:24.948');
INSERT INTO acceso (id, usuario_id, ip, exitoso, fecha) VALUES ('acc-020', 42, 3232239358, TRUE, '2025-12-15 06:35:59.948');
INSERT INTO acceso (id, usuario_id, ip, exitoso, fecha) VALUES ('acc-021', 10, 168865009, TRUE, '2026-02-16 14:17:31.883');
INSERT INTO acceso (id, usuario_id, ip, exitoso, fecha) VALUES ('acc-022', 44, 3232237794, TRUE, '2026-03-14 15:01:21.700');
INSERT INTO acceso (id, usuario_id, ip, exitoso, fecha) VALUES ('acc-023', 47, 3232240126, TRUE, '2026-01-23 09:11:42.721');
INSERT INTO acceso (id, usuario_id, ip, exitoso, fecha) VALUES ('acc-024', 43, 169107549, TRUE, '2026-02-25 17:46:41.320');
INSERT INTO acceso (id, usuario_id, ip, exitoso, fecha) VALUES ('acc-025', 14, 3232238612, TRUE, '2026-05-11 15:45:49.214');
INSERT INTO acceso (id, usuario_id, ip, exitoso, fecha) VALUES ('acc-026', 33, 3232239572, TRUE, '2025-12-09 23:08:43.453');
INSERT INTO acceso (id, usuario_id, ip, exitoso, fecha) VALUES ('acc-027', 26, 3232239334, TRUE, '2026-01-28 08:20:05.550');
INSERT INTO acceso (id, usuario_id, ip, exitoso, fecha) VALUES ('acc-028', 7, 167981563, TRUE, '2026-02-03 10:36:10.989');
INSERT INTO acceso (id, usuario_id, ip, exitoso, fecha) VALUES ('acc-029', 1, 3232238239, TRUE, '2026-01-27 10:44:27.927');
INSERT INTO acceso (id, usuario_id, ip, exitoso, fecha) VALUES ('acc-030', 7, 3232240789, TRUE, '2025-12-01 10:23:42.020');
INSERT INTO acceso (id, usuario_id, ip, exitoso, fecha) VALUES ('acc-031', 41, 169390446, TRUE, '2026-02-09 13:48:45.331');
INSERT INTO acceso (id, usuario_id, ip, exitoso, fecha) VALUES ('acc-032', 22, 3232240818, TRUE, '2026-03-10 12:17:10.510');
INSERT INTO acceso (id, usuario_id, ip, exitoso, fecha) VALUES ('acc-033', 24, 3232235550, TRUE, '2026-03-27 14:03:21.164');
INSERT INTO acceso (id, usuario_id, ip, exitoso, fecha) VALUES ('acc-034', 18, 3232238880, TRUE, '2026-02-10 18:09:45.463');
INSERT INTO acceso (id, usuario_id, ip, exitoso, fecha) VALUES ('acc-035', 16, 169792480, TRUE, '2026-02-03 09:54:23.157');
INSERT INTO acceso (id, usuario_id, ip, exitoso, fecha) VALUES ('acc-036', 18, 3232238404, TRUE, '2025-11-20 08:22:59.379');
INSERT INTO acceso (id, usuario_id, ip, exitoso, fecha) VALUES ('acc-037', 44, 3232240490, TRUE, '2026-01-14 17:52:44.127');
INSERT INTO acceso (id, usuario_id, ip, exitoso, fecha) VALUES ('acc-038', 48, 169642067, TRUE, '2025-11-25 18:47:55.505');
INSERT INTO acceso (id, usuario_id, ip, exitoso, fecha) VALUES ('acc-039', 18, 3232240846, TRUE, '2025-12-24 14:04:41.140');
INSERT INTO acceso (id, usuario_id, ip, exitoso, fecha) VALUES ('acc-040', 21, 167802076, TRUE, '2026-02-02 13:59:45.789');
INSERT INTO acceso (id, usuario_id, ip, exitoso, fecha) VALUES ('acc-041', 24, 167872727, TRUE, '2025-12-09 08:38:54.175');
INSERT INTO acceso (id, usuario_id, ip, exitoso, fecha) VALUES ('acc-042', 2, 169014774, TRUE, '2026-01-06 14:34:23.151');
INSERT INTO acceso (id, usuario_id, ip, exitoso, fecha) VALUES ('acc-043', 21, 168694969, TRUE, '2026-03-26 03:55:27.094');
INSERT INTO acceso (id, usuario_id, ip, exitoso, fecha) VALUES ('acc-044', 32, 3232239745, TRUE, '2026-04-29 15:57:47.667');
INSERT INTO acceso (id, usuario_id, ip, exitoso, fecha) VALUES ('acc-045', 35, 168387198, TRUE, '2026-04-07 12:18:11.335');
INSERT INTO acceso (id, usuario_id, ip, exitoso, fecha) VALUES ('acc-046', 43, 3232240683, TRUE, '2026-05-07 09:36:58.719');
INSERT INTO acceso (id, usuario_id, ip, exitoso, fecha) VALUES ('acc-047', 33, 169713256, TRUE, '2026-03-04 15:05:05.138');
INSERT INTO acceso (id, usuario_id, ip, exitoso, fecha) VALUES ('acc-048', 33, 169669170, TRUE, '2026-05-10 00:31:20.656');
INSERT INTO acceso (id, usuario_id, ip, exitoso, fecha) VALUES ('acc-049', 15, 169762906, TRUE, '2026-03-08 09:11:27.617');
INSERT INTO acceso (id, usuario_id, ip, exitoso, fecha) VALUES ('acc-050', 15, 168604514, TRUE, '2026-03-05 08:55:59.296');
INSERT INTO acceso (id, usuario_id, ip, exitoso, fecha) VALUES ('acc-051', 6, 3232236036, TRUE, '2026-03-31 08:57:25.260');
INSERT INTO acceso (id, usuario_id, ip, exitoso, fecha) VALUES ('acc-052', 47, 169062777, TRUE, '2026-04-03 13:12:11.575');
INSERT INTO acceso (id, usuario_id, ip, exitoso, fecha) VALUES ('acc-053', NULL, 168515379, FALSE, '2026-01-05 09:12:30.583');
INSERT INTO acceso (id, usuario_id, ip, exitoso, fecha) VALUES ('acc-054', 39, 3232236803, TRUE, '2025-11-17 16:42:46.116');
INSERT INTO acceso (id, usuario_id, ip, exitoso, fecha) VALUES ('acc-055', 6, 3232238676, TRUE, '2026-03-09 12:58:20.983');
INSERT INTO acceso (id, usuario_id, ip, exitoso, fecha) VALUES ('acc-056', 21, 3232238385, TRUE, '2025-11-28 10:12:52.240');
INSERT INTO acceso (id, usuario_id, ip, exitoso, fecha) VALUES ('acc-057', 21, 3232238869, TRUE, '2026-02-09 11:59:05.468');
INSERT INTO acceso (id, usuario_id, ip, exitoso, fecha) VALUES ('acc-058', 15, 3232235712, TRUE, '2026-02-26 18:02:44.443');
INSERT INTO acceso (id, usuario_id, ip, exitoso, fecha) VALUES ('acc-059', 38, 3232239304, TRUE, '2026-02-16 12:36:07.033');
INSERT INTO acceso (id, usuario_id, ip, exitoso, fecha) VALUES ('acc-060', 34, 168094782, TRUE, '2026-03-04 20:56:06.682');
INSERT INTO acceso (id, usuario_id, ip, exitoso, fecha) VALUES ('acc-061', 13, 3232237982, TRUE, '2025-12-25 09:13:35.021');
INSERT INTO acceso (id, usuario_id, ip, exitoso, fecha) VALUES ('acc-062', 42, 3232239546, TRUE, '2026-02-07 04:02:51.839');
INSERT INTO acceso (id, usuario_id, ip, exitoso, fecha) VALUES ('acc-063', 25, 168797007, TRUE, '2026-03-25 17:15:35.009');
INSERT INTO acceso (id, usuario_id, ip, exitoso, fecha) VALUES ('acc-064', 13, 3232235852, TRUE, '2026-05-07 13:08:51.817');
INSERT INTO acceso (id, usuario_id, ip, exitoso, fecha) VALUES ('acc-065', 4, 168749933, TRUE, '2025-12-17 22:17:51.722');
INSERT INTO acceso (id, usuario_id, ip, exitoso, fecha) VALUES ('acc-066', 38, 3232237142, TRUE, '2025-12-08 17:54:10.903');
INSERT INTO acceso (id, usuario_id, ip, exitoso, fecha) VALUES ('acc-067', 10, 3232238718, TRUE, '2026-04-16 08:18:34.631');
INSERT INTO acceso (id, usuario_id, ip, exitoso, fecha) VALUES ('acc-068', 25, 169372051, FALSE, '2025-11-26 09:59:27.249');
INSERT INTO acceso (id, usuario_id, ip, exitoso, fecha) VALUES ('acc-069', 24, 169010209, FALSE, '2026-04-01 18:03:20.706');
INSERT INTO acceso (id, usuario_id, ip, exitoso, fecha) VALUES ('acc-070', 10, 3232239876, TRUE, '2026-01-21 18:18:06.395');
INSERT INTO acceso (id, usuario_id, ip, exitoso, fecha) VALUES ('acc-071', 37, 169494855, TRUE, '2026-04-07 17:59:23.468');
INSERT INTO acceso (id, usuario_id, ip, exitoso, fecha) VALUES ('acc-072', 9, 3232239007, TRUE, '2026-05-12 16:06:43.374');
INSERT INTO acceso (id, usuario_id, ip, exitoso, fecha) VALUES ('acc-073', 19, 3232238020, FALSE, '2026-02-25 20:37:09.529');
INSERT INTO acceso (id, usuario_id, ip, exitoso, fecha) VALUES ('acc-074', 18, 169655590, TRUE, '2025-12-22 16:44:58.708');
INSERT INTO acceso (id, usuario_id, ip, exitoso, fecha) VALUES ('acc-075', 24, 3232237977, TRUE, '2026-02-16 16:07:38.502');
INSERT INTO acceso (id, usuario_id, ip, exitoso, fecha) VALUES ('acc-076', 37, 3232238993, TRUE, '2026-04-06 10:21:42.086');
INSERT INTO acceso (id, usuario_id, ip, exitoso, fecha) VALUES ('acc-077', 22, 3232238800, FALSE, '2025-12-24 17:28:57.712');
INSERT INTO acceso (id, usuario_id, ip, exitoso, fecha) VALUES ('acc-078', 48, 169309447, TRUE, '2025-12-10 09:48:04.129');
INSERT INTO acceso (id, usuario_id, ip, exitoso, fecha) VALUES ('acc-079', 45, 169752460, TRUE, '2025-12-25 12:56:31.606');
INSERT INTO acceso (id, usuario_id, ip, exitoso, fecha) VALUES ('acc-080', 14, 169063460, TRUE, '2026-04-13 16:32:04.803');
INSERT INTO acceso (id, usuario_id, ip, exitoso, fecha) VALUES ('acc-081', 12, 168341778, TRUE, '2025-12-23 11:06:01.073');
INSERT INTO acceso (id, usuario_id, ip, exitoso, fecha) VALUES ('acc-082', 34, 3232237362, TRUE, '2026-04-28 13:10:13.239');
INSERT INTO acceso (id, usuario_id, ip, exitoso, fecha) VALUES ('acc-083', 23, 169100735, TRUE, '2025-12-31 10:22:56.259');
INSERT INTO acceso (id, usuario_id, ip, exitoso, fecha) VALUES ('acc-084', 2, 168039644, TRUE, '2026-02-09 17:34:56.945');
INSERT INTO acceso (id, usuario_id, ip, exitoso, fecha) VALUES ('acc-085', 19, 169160640, TRUE, '2026-04-14 17:50:58.822');
INSERT INTO acceso (id, usuario_id, ip, exitoso, fecha) VALUES ('acc-086', 10, 3232237115, TRUE, '2026-05-05 16:08:14.120');
INSERT INTO acceso (id, usuario_id, ip, exitoso, fecha) VALUES ('acc-087', 39, 3232240698, FALSE, '2026-03-31 15:04:04.441');
INSERT INTO acceso (id, usuario_id, ip, exitoso, fecha) VALUES ('acc-088', 23, 168033094, TRUE, '2026-04-12 09:01:21.775');
INSERT INTO acceso (id, usuario_id, ip, exitoso, fecha) VALUES ('acc-089', 33, 3232238019, TRUE, '2026-02-05 05:32:53.482');
INSERT INTO acceso (id, usuario_id, ip, exitoso, fecha) VALUES ('acc-090', 39, 3232238255, FALSE, '2026-04-07 12:48:48.991');
INSERT INTO acceso (id, usuario_id, ip, exitoso, fecha) VALUES ('acc-091', 29, 3232238655, TRUE, '2025-12-17 22:08:49.982');
INSERT INTO acceso (id, usuario_id, ip, exitoso, fecha) VALUES ('acc-092', 18, 3232237320, TRUE, '2025-12-17 15:06:28.169');
INSERT INTO acceso (id, usuario_id, ip, exitoso, fecha) VALUES ('acc-093', 6, 3232237257, TRUE, '2026-02-06 18:34:21.410');
INSERT INTO acceso (id, usuario_id, ip, exitoso, fecha) VALUES ('acc-094', 14, 168327886, TRUE, '2026-04-21 10:55:18.974');
INSERT INTO acceso (id, usuario_id, ip, exitoso, fecha) VALUES ('acc-095', 13, 3232237140, TRUE, '2025-12-28 16:52:38.696');
INSERT INTO acceso (id, usuario_id, ip, exitoso, fecha) VALUES ('acc-096', 4, 168118322, TRUE, '2026-04-27 03:44:46.829');
INSERT INTO acceso (id, usuario_id, ip, exitoso, fecha) VALUES ('acc-097', 47, 3232236308, FALSE, '2026-01-14 09:07:59.239');
INSERT INTO acceso (id, usuario_id, ip, exitoso, fecha) VALUES ('acc-098', 36, 3232238282, TRUE, '2026-02-26 08:44:44.387');
INSERT INTO acceso (id, usuario_id, ip, exitoso, fecha) VALUES ('acc-099', 41, 3232239762, TRUE, '2026-04-07 16:47:45.697');
INSERT INTO acceso (id, usuario_id, ip, exitoso, fecha) VALUES ('acc-100', 1, 3232238347, TRUE, '2026-04-06 11:14:05.951');
INSERT INTO acceso (id, usuario_id, ip, exitoso, fecha) VALUES ('acc-101', NULL, 3232239215, FALSE, '2026-03-11 08:38:34.542');
INSERT INTO acceso (id, usuario_id, ip, exitoso, fecha) VALUES ('acc-102', 25, 3232236088, TRUE, '2026-02-11 11:26:53.998');
INSERT INTO acceso (id, usuario_id, ip, exitoso, fecha) VALUES ('acc-103', 39, 169693477, TRUE, '2025-12-03 10:53:04.948');
INSERT INTO acceso (id, usuario_id, ip, exitoso, fecha) VALUES ('acc-104', 33, 168986454, FALSE, '2026-01-14 22:19:13.443');
INSERT INTO acceso (id, usuario_id, ip, exitoso, fecha) VALUES ('acc-105', 17, 3232239411, TRUE, '2025-11-17 17:55:44.360');
INSERT INTO acceso (id, usuario_id, ip, exitoso, fecha) VALUES ('acc-106', NULL, 3232235887, FALSE, '2026-01-09 13:34:50.764');
INSERT INTO acceso (id, usuario_id, ip, exitoso, fecha) VALUES ('acc-107', 47, 3232236484, TRUE, '2025-11-24 11:36:09.116');
INSERT INTO acceso (id, usuario_id, ip, exitoso, fecha) VALUES ('acc-108', 50, 168207949, TRUE, '2026-01-31 17:44:38.311');
INSERT INTO acceso (id, usuario_id, ip, exitoso, fecha) VALUES ('acc-109', 7, 169372846, TRUE, '2025-12-12 09:56:10.721');
INSERT INTO acceso (id, usuario_id, ip, exitoso, fecha) VALUES ('acc-110', 40, 168636349, TRUE, '2026-03-25 09:49:01.036');
INSERT INTO acceso (id, usuario_id, ip, exitoso, fecha) VALUES ('acc-111', 16, 3232238126, TRUE, '2026-02-09 18:17:28.789');
INSERT INTO acceso (id, usuario_id, ip, exitoso, fecha) VALUES ('acc-112', 23, 169387144, TRUE, '2026-04-27 00:33:04.632');
INSERT INTO acceso (id, usuario_id, ip, exitoso, fecha) VALUES ('acc-113', 31, 3232238927, TRUE, '2026-03-25 12:36:17.992');
INSERT INTO acceso (id, usuario_id, ip, exitoso, fecha) VALUES ('acc-114', 38, 3232235650, TRUE, '2026-03-09 13:38:28.828');
INSERT INTO acceso (id, usuario_id, ip, exitoso, fecha) VALUES ('acc-115', 29, 3232240484, TRUE, '2026-03-19 08:20:27.415');
INSERT INTO acceso (id, usuario_id, ip, exitoso, fecha) VALUES ('acc-116', NULL, 169312224, FALSE, '2026-03-31 13:20:37.359');
INSERT INTO acceso (id, usuario_id, ip, exitoso, fecha) VALUES ('acc-117', 2, 3232239064, FALSE, '2026-03-24 15:10:02.071');
INSERT INTO acceso (id, usuario_id, ip, exitoso, fecha) VALUES ('acc-118', 27, 3232236798, TRUE, '2025-12-09 05:13:48.095');
INSERT INTO acceso (id, usuario_id, ip, exitoso, fecha) VALUES ('acc-119', 11, 3232240343, TRUE, '2026-03-10 14:48:02.875');
INSERT INTO acceso (id, usuario_id, ip, exitoso, fecha) VALUES ('acc-120', 47, 3232238481, TRUE, '2025-11-23 15:58:09.137');
INSERT INTO acceso (id, usuario_id, ip, exitoso, fecha) VALUES ('acc-121', 40, 3232239799, TRUE, '2026-04-02 13:29:10.657');
INSERT INTO acceso (id, usuario_id, ip, exitoso, fecha) VALUES ('acc-122', 45, 168992010, TRUE, '2026-04-20 11:39:32.969');
INSERT INTO acceso (id, usuario_id, ip, exitoso, fecha) VALUES ('acc-123', 44, 169654965, FALSE, '2026-01-13 10:16:52.963');
INSERT INTO acceso (id, usuario_id, ip, exitoso, fecha) VALUES ('acc-124', 34, 168810170, TRUE, '2026-02-18 05:45:51.247');
INSERT INTO acceso (id, usuario_id, ip, exitoso, fecha) VALUES ('acc-125', 8, 169495595, TRUE, '2026-03-04 17:50:16.064');
INSERT INTO acceso (id, usuario_id, ip, exitoso, fecha) VALUES ('acc-126', 40, 3232240757, TRUE, '2026-04-14 13:36:53.337');
INSERT INTO acceso (id, usuario_id, ip, exitoso, fecha) VALUES ('acc-127', 34, 3232236443, TRUE, '2026-03-13 16:47:58.486');
INSERT INTO acceso (id, usuario_id, ip, exitoso, fecha) VALUES ('acc-128', 34, 168184958, TRUE, '2026-04-04 14:51:42.025');
INSERT INTO acceso (id, usuario_id, ip, exitoso, fecha) VALUES ('acc-129', 43, 3232238245, TRUE, '2025-12-05 16:17:47.133');
INSERT INTO acceso (id, usuario_id, ip, exitoso, fecha) VALUES ('acc-130', 5, 3232240411, TRUE, '2026-04-28 14:12:01.857');
INSERT INTO acceso (id, usuario_id, ip, exitoso, fecha) VALUES ('acc-131', 41, 3232238753, TRUE, '2026-04-17 12:58:21.178');
INSERT INTO acceso (id, usuario_id, ip, exitoso, fecha) VALUES ('acc-132', 50, 168376950, TRUE, '2025-12-31 12:27:57.650');
INSERT INTO acceso (id, usuario_id, ip, exitoso, fecha) VALUES ('acc-133', 25, 168868472, TRUE, '2026-02-06 13:22:58.303');
INSERT INTO acceso (id, usuario_id, ip, exitoso, fecha) VALUES ('acc-134', 20, 3232238665, TRUE, '2026-01-09 13:42:45.900');
INSERT INTO acceso (id, usuario_id, ip, exitoso, fecha) VALUES ('acc-135', 10, 3232236477, TRUE, '2026-04-23 09:28:14.433');
INSERT INTO acceso (id, usuario_id, ip, exitoso, fecha) VALUES ('acc-136', 20, 168802044, TRUE, '2026-03-28 22:21:02.171');
INSERT INTO acceso (id, usuario_id, ip, exitoso, fecha) VALUES ('acc-137', 44, 3232237991, FALSE, '2025-12-16 09:15:58.583');
INSERT INTO acceso (id, usuario_id, ip, exitoso, fecha) VALUES ('acc-138', 31, 169418616, TRUE, '2026-04-15 14:21:33.938');
INSERT INTO acceso (id, usuario_id, ip, exitoso, fecha) VALUES ('acc-139', 50, 168554656, FALSE, '2026-04-08 12:57:25.093');
INSERT INTO acceso (id, usuario_id, ip, exitoso, fecha) VALUES ('acc-140', 20, 3232236815, TRUE, '2026-03-17 18:18:33.407');
INSERT INTO acceso (id, usuario_id, ip, exitoso, fecha) VALUES ('acc-141', 15, 169540186, TRUE, '2025-11-24 15:41:19.139');
INSERT INTO acceso (id, usuario_id, ip, exitoso, fecha) VALUES ('acc-142', 34, 3232236175, TRUE, '2026-04-28 09:43:24.591');
INSERT INTO acceso (id, usuario_id, ip, exitoso, fecha) VALUES ('acc-143', 45, 168973669, FALSE, '2026-02-26 13:52:17.870');
INSERT INTO acceso (id, usuario_id, ip, exitoso, fecha) VALUES ('acc-144', 31, 3232238406, TRUE, '2026-04-01 19:04:10.508');
INSERT INTO acceso (id, usuario_id, ip, exitoso, fecha) VALUES ('acc-145', 46, 3232238039, FALSE, '2025-12-12 13:53:59.883');
INSERT INTO acceso (id, usuario_id, ip, exitoso, fecha) VALUES ('acc-146', 35, 3232237134, TRUE, '2026-03-03 11:20:56.814');
INSERT INTO acceso (id, usuario_id, ip, exitoso, fecha) VALUES ('acc-147', NULL, 3232239983, FALSE, '2026-01-07 12:56:21.204');
INSERT INTO acceso (id, usuario_id, ip, exitoso, fecha) VALUES ('acc-148', 23, 3232236519, TRUE, '2026-03-17 18:18:00.811');
INSERT INTO acceso (id, usuario_id, ip, exitoso, fecha) VALUES ('acc-149', 44, 3232238809, TRUE, '2026-02-25 16:57:32.252');
INSERT INTO acceso (id, usuario_id, ip, exitoso, fecha) VALUES ('acc-150', 1, 3232239384, TRUE, '2026-04-17 00:35:59.216');
INSERT INTO acceso (id, usuario_id, ip, exitoso, fecha) VALUES ('acc-151', 39, 3232236786, TRUE, '2025-12-25 07:48:47.023');
INSERT INTO acceso (id, usuario_id, ip, exitoso, fecha) VALUES ('acc-152', 9, 3232238690, TRUE, '2026-02-01 22:26:52.389');
INSERT INTO acceso (id, usuario_id, ip, exitoso, fecha) VALUES ('acc-153', 21, 3232239144, TRUE, '2026-04-07 10:49:33.083');
INSERT INTO acceso (id, usuario_id, ip, exitoso, fecha) VALUES ('acc-154', 21, 3232240805, TRUE, '2026-05-03 11:24:30.332');
INSERT INTO acceso (id, usuario_id, ip, exitoso, fecha) VALUES ('acc-155', 21, 169441502, TRUE, '2026-03-27 13:32:21.311');
INSERT INTO acceso (id, usuario_id, ip, exitoso, fecha) VALUES ('acc-156', 25, 168828086, TRUE, '2026-02-09 09:16:20.993');
INSERT INTO acceso (id, usuario_id, ip, exitoso, fecha) VALUES ('acc-157', 18, 168999633, TRUE, '2026-01-09 11:05:45.774');
INSERT INTO acceso (id, usuario_id, ip, exitoso, fecha) VALUES ('acc-158', 16, 3232239718, TRUE, '2026-02-25 13:55:36.696');
INSERT INTO acceso (id, usuario_id, ip, exitoso, fecha) VALUES ('acc-159', 36, 3232238339, TRUE, '2025-11-20 16:11:14.243');
INSERT INTO acceso (id, usuario_id, ip, exitoso, fecha) VALUES ('acc-160', 29, 3232237002, FALSE, '2026-05-04 08:49:01.237');
INSERT INTO acceso (id, usuario_id, ip, exitoso, fecha) VALUES ('acc-161', 22, 169094479, TRUE, '2026-01-01 14:51:19.290');
INSERT INTO acceso (id, usuario_id, ip, exitoso, fecha) VALUES ('acc-162', 25, 169420211, TRUE, '2025-12-02 01:20:59.624');
INSERT INTO acceso (id, usuario_id, ip, exitoso, fecha) VALUES ('acc-163', 25, 167840004, TRUE, '2025-11-29 09:03:53.444');
INSERT INTO acceso (id, usuario_id, ip, exitoso, fecha) VALUES ('acc-164', 37, 169231825, TRUE, '2025-11-29 05:37:39.285');
INSERT INTO acceso (id, usuario_id, ip, exitoso, fecha) VALUES ('acc-165', 23, 3232237521, TRUE, '2026-05-12 14:03:54.964');
INSERT INTO acceso (id, usuario_id, ip, exitoso, fecha) VALUES ('acc-166', 15, 3232236496, FALSE, '2026-01-09 00:06:32.944');
INSERT INTO acceso (id, usuario_id, ip, exitoso, fecha) VALUES ('acc-167', 21, 3232237388, FALSE, '2026-04-15 13:50:33.677');
INSERT INTO acceso (id, usuario_id, ip, exitoso, fecha) VALUES ('acc-168', 23, 169149290, TRUE, '2026-01-28 11:30:24.715');
INSERT INTO acceso (id, usuario_id, ip, exitoso, fecha) VALUES ('acc-169', 48, 168110840, TRUE, '2026-01-05 10:29:32.856');
INSERT INTO acceso (id, usuario_id, ip, exitoso, fecha) VALUES ('acc-170', 14, 3232238094, TRUE, '2026-02-03 08:01:55.444');
INSERT INTO acceso (id, usuario_id, ip, exitoso, fecha) VALUES ('acc-171', 38, 167777028, TRUE, '2026-03-24 16:19:27.379');
INSERT INTO acceso (id, usuario_id, ip, exitoso, fecha) VALUES ('acc-172', 46, 3232238063, FALSE, '2026-02-28 17:30:38.114');
INSERT INTO acceso (id, usuario_id, ip, exitoso, fecha) VALUES ('acc-173', 46, 3232236607, TRUE, '2026-02-06 08:38:59.502');
INSERT INTO acceso (id, usuario_id, ip, exitoso, fecha) VALUES ('acc-174', 50, 167853889, TRUE, '2026-04-11 04:25:26.908');
INSERT INTO acceso (id, usuario_id, ip, exitoso, fecha) VALUES ('acc-175', 14, 168093015, TRUE, '2026-05-06 00:02:05.181');
INSERT INTO acceso (id, usuario_id, ip, exitoso, fecha) VALUES ('acc-176', 44, 168527436, TRUE, '2025-11-18 15:09:40.376');
INSERT INTO acceso (id, usuario_id, ip, exitoso, fecha) VALUES ('acc-177', 35, 169438733, TRUE, '2026-01-17 13:21:23.957');
INSERT INTO acceso (id, usuario_id, ip, exitoso, fecha) VALUES ('acc-178', 12, 168907500, TRUE, '2026-05-05 00:45:32.318');
INSERT INTO acceso (id, usuario_id, ip, exitoso, fecha) VALUES ('acc-179', 8, 169151500, FALSE, '2025-11-20 08:50:49.286');
INSERT INTO acceso (id, usuario_id, ip, exitoso, fecha) VALUES ('acc-180', 8, 3232236697, TRUE, '2026-02-25 19:21:08.427');
INSERT INTO acceso (id, usuario_id, ip, exitoso, fecha) VALUES ('acc-181', 48, 169214571, FALSE, '2026-02-16 13:18:02.166');
INSERT INTO acceso (id, usuario_id, ip, exitoso, fecha) VALUES ('acc-182', 15, 3232237027, TRUE, '2026-04-24 12:05:29.750');
INSERT INTO acceso (id, usuario_id, ip, exitoso, fecha) VALUES ('acc-183', 47, 3232237361, TRUE, '2026-01-10 11:45:28.459');
INSERT INTO acceso (id, usuario_id, ip, exitoso, fecha) VALUES ('acc-184', NULL, 3232240863, FALSE, '2026-02-20 13:18:16.688');
INSERT INTO acceso (id, usuario_id, ip, exitoso, fecha) VALUES ('acc-185', 18, 169677557, TRUE, '2025-11-25 13:31:07.975');
INSERT INTO acceso (id, usuario_id, ip, exitoso, fecha) VALUES ('acc-186', 31, 169679382, TRUE, '2026-04-10 12:12:39.835');
INSERT INTO acceso (id, usuario_id, ip, exitoso, fecha) VALUES ('acc-187', 9, 168126034, TRUE, '2026-03-05 23:00:13.546');
INSERT INTO acceso (id, usuario_id, ip, exitoso, fecha) VALUES ('acc-188', 23, 169084146, TRUE, '2026-02-03 07:16:25.661');
INSERT INTO acceso (id, usuario_id, ip, exitoso, fecha) VALUES ('acc-189', 42, 3232238471, TRUE, '2026-03-25 16:09:20.612');
INSERT INTO acceso (id, usuario_id, ip, exitoso, fecha) VALUES ('acc-190', 22, 3232238978, FALSE, '2026-01-19 13:16:40.647');
INSERT INTO acceso (id, usuario_id, ip, exitoso, fecha) VALUES ('acc-191', 4, 3232239869, TRUE, '2026-03-23 10:19:27.548');
INSERT INTO acceso (id, usuario_id, ip, exitoso, fecha) VALUES ('acc-192', 24, 168576710, TRUE, '2026-02-03 10:47:16.795');
INSERT INTO acceso (id, usuario_id, ip, exitoso, fecha) VALUES ('acc-193', 12, 169389372, TRUE, '2025-12-25 09:43:45.632');
INSERT INTO acceso (id, usuario_id, ip, exitoso, fecha) VALUES ('acc-194', 15, 3232238588, FALSE, '2026-04-30 15:01:16.657');
INSERT INTO acceso (id, usuario_id, ip, exitoso, fecha) VALUES ('acc-195', 32, 3232240889, TRUE, '2026-04-06 12:01:09.239');
INSERT INTO acceso (id, usuario_id, ip, exitoso, fecha) VALUES ('acc-196', 27, 3232239684, TRUE, '2025-12-05 10:35:21.479');
INSERT INTO acceso (id, usuario_id, ip, exitoso, fecha) VALUES ('acc-197', 40, 3232238703, TRUE, '2026-02-17 12:22:14.824');
INSERT INTO acceso (id, usuario_id, ip, exitoso, fecha) VALUES ('acc-198', 29, 169518162, FALSE, '2026-04-28 10:40:52.039');
INSERT INTO acceso (id, usuario_id, ip, exitoso, fecha) VALUES ('acc-199', 11, 3232238424, TRUE, '2025-11-28 07:18:43.131');
INSERT INTO acceso (id, usuario_id, ip, exitoso, fecha) VALUES ('acc-200', 40, 167999019, TRUE, '2026-01-08 18:42:49.315');

-- ====== Tabla: intento_acceso_no_autorizado ======
INSERT INTO intento_acceso_no_autorizado (id, acceso_id, area_id, usuario_id, ip_origen, fecha, metodo_intento, bloqueado, tipo) VALUES (1, 'acc-198', 59, 29, 762269381, '2026-04-21 22:55:52.146', 'fuerza_bruta', TRUE, 'area_no_autorizada');
INSERT INTO intento_acceso_no_autorizado (id, acceso_id, area_id, usuario_id, ip_origen, fecha, metodo_intento, bloqueado, tipo) VALUES (2, 'acc-116', 15, NULL, 758469499, '2026-04-18 23:43:40.513', 'brute_force_ssh', TRUE, 'usuario_desconocido');
INSERT INTO intento_acceso_no_autorizado (id, acceso_id, area_id, usuario_id, ip_origen, fecha, metodo_intento, bloqueado, tipo) VALUES (3, 'acc-068', 50, 25, 879952837, '2026-04-18 07:56:44.392', 'credential_stuffing', TRUE, 'area_no_autorizada');
INSERT INTO intento_acceso_no_autorizado (id, acceso_id, area_id, usuario_id, ip_origen, fecha, metodo_intento, bloqueado, tipo) VALUES (4, 'acc-167', 92, 21, 878141544, '2026-04-28 04:48:42.971', 'credential_stuffing', FALSE, 'area_no_autorizada');
INSERT INTO intento_acceso_no_autorizado (id, acceso_id, area_id, usuario_id, ip_origen, fecha, metodo_intento, bloqueado, tipo) VALUES (5, 'acc-123', 81, 44, 169409824, '2026-05-08 18:58:45.630', 'credential_stuffing', TRUE, 'area_no_autorizada');
INSERT INTO intento_acceso_no_autorizado (id, acceso_id, area_id, usuario_id, ip_origen, fecha, metodo_intento, bloqueado, tipo) VALUES (6, 'acc-077', 13, 22, 3360791050, '2026-04-20 22:13:38.994', 'sql_injection', TRUE, 'area_no_autorizada');
INSERT INTO intento_acceso_no_autorizado (id, acceso_id, area_id, usuario_id, ip_origen, fecha, metodo_intento, bloqueado, tipo) VALUES (7, 'acc-053', 1, NULL, 879061132, '2026-04-25 15:48:24.395', 'brute_force_ssh', TRUE, 'usuario_desconocido');
INSERT INTO intento_acceso_no_autorizado (id, acceso_id, area_id, usuario_id, ip_origen, fecha, metodo_intento, bloqueado, tipo) VALUES (8, 'acc-097', 1, 47, 3232237545, '2026-05-05 12:03:02.235', 'sql_injection', TRUE, 'area_no_autorizada');
INSERT INTO intento_acceso_no_autorizado (id, acceso_id, area_id, usuario_id, ip_origen, fecha, metodo_intento, bloqueado, tipo) VALUES (9, 'acc-139', 57, 50, 3232238657, '2026-05-06 13:32:29.601', 'brute_force_ssh', TRUE, 'area_no_autorizada');
INSERT INTO intento_acceso_no_autorizado (id, acceso_id, area_id, usuario_id, ip_origen, fecha, metodo_intento, bloqueado, tipo) VALUES (10, 'acc-016', 81, NULL, 3379082602, '2026-05-12 00:21:07.118', 'sql_injection', TRUE, 'usuario_desconocido');
INSERT INTO intento_acceso_no_autorizado (id, acceso_id, area_id, usuario_id, ip_origen, fecha, metodo_intento, bloqueado, tipo) VALUES (11, 'acc-190', 51, 22, 169760025, '2026-04-24 00:52:08.922', 'fuerza_bruta', FALSE, 'area_no_autorizada');
INSERT INTO intento_acceso_no_autorizado (id, acceso_id, area_id, usuario_id, ip_origen, fecha, metodo_intento, bloqueado, tipo) VALUES (12, 'acc-090', 83, 39, 2393014110, '2026-05-12 21:34:22.048', 'brute_force_ssh', TRUE, 'area_no_autorizada');
INSERT INTO intento_acceso_no_autorizado (id, acceso_id, area_id, usuario_id, ip_origen, fecha, metodo_intento, bloqueado, tipo) VALUES (13, 'acc-087', 26, 39, 3106241928, '2026-05-15 11:13:44.952', 'brute_force_ssh', TRUE, 'area_no_autorizada');
INSERT INTO intento_acceso_no_autorizado (id, acceso_id, area_id, usuario_id, ip_origen, fecha, metodo_intento, bloqueado, tipo) VALUES (14, 'acc-101', 27, NULL, 1734685818, '2026-05-13 23:43:05.515', 'sql_injection', TRUE, 'usuario_desconocido');
INSERT INTO intento_acceso_no_autorizado (id, acceso_id, area_id, usuario_id, ip_origen, fecha, metodo_intento, bloqueado, tipo) VALUES (15, 'acc-160', 47, 29, 3362763353, '2026-04-20 21:46:55.706', 'credential_stuffing', TRUE, 'area_no_autorizada');
INSERT INTO intento_acceso_no_autorizado (id, acceso_id, area_id, usuario_id, ip_origen, fecha, metodo_intento, bloqueado, tipo) VALUES (16, 'acc-137', 97, 44, 168208326, '2026-05-05 03:18:45.280', 'sql_injection', TRUE, 'area_no_autorizada');
INSERT INTO intento_acceso_no_autorizado (id, acceso_id, area_id, usuario_id, ip_origen, fecha, metodo_intento, bloqueado, tipo) VALUES (17, 'acc-106', 9, NULL, 3106846479, '2026-04-30 17:00:39.424', 'brute_force_ssh', TRUE, 'usuario_desconocido');
INSERT INTO intento_acceso_no_autorizado (id, acceso_id, area_id, usuario_id, ip_origen, fecha, metodo_intento, bloqueado, tipo) VALUES (18, 'acc-145', 29, 46, 3232240808, '2026-04-23 08:36:58.196', 'credential_stuffing', FALSE, 'area_no_autorizada');
INSERT INTO intento_acceso_no_autorizado (id, acceso_id, area_id, usuario_id, ip_origen, fecha, metodo_intento, bloqueado, tipo) VALUES (19, 'acc-194', 100, 15, 3001417972, '2026-04-30 12:44:46.504', 'brute_force_ssh', TRUE, 'area_no_autorizada');
INSERT INTO intento_acceso_no_autorizado (id, acceso_id, area_id, usuario_id, ip_origen, fecha, metodo_intento, bloqueado, tipo) VALUES (20, 'acc-073', 65, 19, 3232240620, '2026-05-11 10:20:04.639', 'credential_stuffing', TRUE, 'area_no_autorizada');
INSERT INTO intento_acceso_no_autorizado (id, acceso_id, area_id, usuario_id, ip_origen, fecha, metodo_intento, bloqueado, tipo) VALUES (21, 'acc-117', 33, 2, 168035676, '2026-04-21 19:26:46.710', 'fuerza_bruta', TRUE, 'area_no_autorizada');
INSERT INTO intento_acceso_no_autorizado (id, acceso_id, area_id, usuario_id, ip_origen, fecha, metodo_intento, bloqueado, tipo) VALUES (22, 'acc-166', 85, 15, 3112142566, '2026-04-25 10:29:16.304', 'brute_force_ssh', TRUE, 'area_no_autorizada');
INSERT INTO intento_acceso_no_autorizado (id, acceso_id, area_id, usuario_id, ip_origen, fecha, metodo_intento, bloqueado, tipo) VALUES (23, 'acc-181', 15, 48, 3232239117, '2026-04-27 13:31:59.371', 'fuerza_bruta', TRUE, 'area_no_autorizada');
INSERT INTO intento_acceso_no_autorizado (id, acceso_id, area_id, usuario_id, ip_origen, fecha, metodo_intento, bloqueado, tipo) VALUES (24, 'acc-104', 92, 33, 168099889, '2026-04-30 11:15:46.484', 'fuerza_bruta', TRUE, 'area_no_autorizada');
INSERT INTO intento_acceso_no_autorizado (id, acceso_id, area_id, usuario_id, ip_origen, fecha, metodo_intento, bloqueado, tipo) VALUES (25, 'acc-184', 18, NULL, 2989411925, '2026-05-10 12:35:23.929', 'brute_force_ssh', TRUE, 'usuario_desconocido');
INSERT INTO intento_acceso_no_autorizado (id, acceso_id, area_id, usuario_id, ip_origen, fecha, metodo_intento, bloqueado, tipo) VALUES (26, 'acc-143', 77, 45, 2987458896, '2026-04-19 14:36:32.619', 'sql_injection', TRUE, 'area_no_autorizada');
INSERT INTO intento_acceso_no_autorizado (id, acceso_id, area_id, usuario_id, ip_origen, fecha, metodo_intento, bloqueado, tipo) VALUES (27, 'acc-172', 85, 46, 3232236114, '2026-05-02 05:52:47.620', 'sql_injection', FALSE, 'area_no_autorizada');
INSERT INTO intento_acceso_no_autorizado (id, acceso_id, area_id, usuario_id, ip_origen, fecha, metodo_intento, bloqueado, tipo) VALUES (28, 'acc-069', 22, 24, 2396225968, '2026-05-13 22:26:34.500', 'sql_injection', TRUE, 'area_no_autorizada');
INSERT INTO intento_acceso_no_autorizado (id, acceso_id, area_id, usuario_id, ip_origen, fecha, metodo_intento, bloqueado, tipo) VALUES (29, 'acc-147', 8, NULL, 1292183134, '2026-04-24 21:01:19.750', 'brute_force_ssh', FALSE, 'usuario_desconocido');
INSERT INTO intento_acceso_no_autorizado (id, acceso_id, area_id, usuario_id, ip_origen, fecha, metodo_intento, bloqueado, tipo) VALUES (30, 'acc-179', 88, 8, 3232236284, '2026-04-24 16:39:13.201', 'credential_stuffing', TRUE, 'area_no_autorizada');

COMMIT;
